0 verbose cli /usr/bin/node /usr/share/nodejs/npm/bin/npm-cli.js
1 info using npm@9.2.0
2 info using node@v20.19.2
3 timing npm:load:whichnode Completed in 0ms
4 timing config:load:defaults Completed in 1ms
5 timing config:load:file:/usr/share/nodejs/npm/npmrc Completed in 2ms
6 timing config:load:builtin Completed in 2ms
7 timing config:load:cli Completed in 2ms
8 timing config:load:env Completed in 0ms
9 timing config:load:file:/opt/data/HeRmEz/projects/pokemon-go-qr-trade-site/.npmrc Completed in 1ms
10 timing config:load:project Completed in 2ms
11 timing config:load:file:/opt/data/.npmrc Completed in 0ms
12 timing config:load:user Completed in 0ms
13 timing config:load:file:/etc/npmrc Completed in 0ms
14 timing config:load:global Completed in 0ms
15 timing config:load:setEnvs Completed in 1ms
16 timing config:load Completed in 8ms
17 timing npm:load:configload Completed in 8ms
18 timing npm:load:mkdirpcache Completed in 0ms
19 timing npm:load:mkdirplogs Completed in 0ms
20 verbose title npm exec vercel@latest deploy --prod --yes --token
21 verbose argv "exec" "--yes" "--" "vercel@latest" "deploy" "--prod" "--yes" "--token" ""
22 timing npm:load:setTitle Completed in 0ms
23 timing config:load:flatten Completed in 2ms
24 timing npm:load:display Completed in 3ms
25 verbose logfile logs-max:10 dir:/opt/data/.npm/_logs/2026-05-21T15_49_15_263Z-
26 verbose logfile /opt/data/.npm/_logs/2026-05-21T15_49_15_263Z-debug-0.log
27 timing npm:load:logFile Completed in 5ms
28 timing npm:load:timers Completed in 0ms
29 timing npm:load:configScope Completed in 0ms
30 timing npm:load Completed in 17ms
31 silly logfile start cleaning logs, removing 1 files
32 timing config:load:flatten Completed in 1ms
33 silly logfile done cleaning log files
34 timing arborist:ctor Completed in 0ms
35 timing arborist:ctor Completed in 0ms
36 http fetch GET 200 https://registry.npmjs.org/vercel 201ms (cache updated)
37 timing arborist:ctor Completed in 0ms
38 timing arborist:ctor Completed in 0ms
39 timing arborist:ctor Completed in 0ms
40 timing idealTree:init Completed in 97ms
41 timing idealTree:userRequests Completed in 1ms
42 silly idealTree buildDeps
43 silly fetch manifest vercel@54.3.0
44 http fetch GET 200 https://registry.npmjs.org/vercel 12ms (cache hit)
45 silly placeDep ROOT vercel@54.3.0 REPLACE for:  want: 54.3.0
46 silly fetch manifest @vercel/blob@2.4.0
47 silly fetch manifest esbuild@0.27.0
48 silly fetch manifest @vercel/backends@0.7.1
49 silly fetch manifest @vercel/cli-config@0.1.2
50 silly fetch manifest @vercel/elysia@0.1.79
51 silly fetch manifest @vercel/build-utils@13.26.0
52 silly fetch manifest @vercel/express@0.1.89
53 silly fetch manifest @vercel/fastify@0.1.82
54 silly fetch manifest @vercel/go@3.7.1
55 silly fetch manifest @vercel/h3@0.1.88
56 silly fetch manifest @vercel/hono@0.2.82
57 silly fetch manifest @vercel/koa@0.1.62
58 silly fetch manifest @vercel/nestjs@0.2.83
59 silly fetch manifest @vercel/next@4.17.3
60 silly fetch manifest @vercel/python@6.43.0
61 silly fetch manifest @vercel/node@5.8.3
62 silly fetch manifest @vercel/remix-builder@5.8.2
63 silly fetch manifest @vercel/static-build@2.9.29
64 http fetch GET 200 https://registry.npmjs.org/esbuild 68ms (cache hit)
65 http fetch GET 200 https://registry.npmjs.org/@vercel%2fbackends 90ms (cache updated)
66 http fetch GET 200 https://registry.npmjs.org/@vercel%2fh3 127ms (cache updated)
67 http fetch GET 200 https://registry.npmjs.org/@vercel%2fexpress 135ms (cache updated)
68 http fetch GET 200 https://registry.npmjs.org/@vercel%2felysia 138ms (cache updated)
69 http fetch GET 200 https://registry.npmjs.org/@vercel%2fkoa 137ms (cache updated)
70 http fetch GET 200 https://registry.npmjs.org/@vercel%2fhono 139ms (cache updated)
71 http fetch GET 200 https://registry.npmjs.org/@vercel%2fremix-builder 139ms (cache updated)
72 http fetch GET 200 https://registry.npmjs.org/@vercel%2fblob 146ms (cache updated)
73 http fetch GET 200 https://registry.npmjs.org/@vercel%2fnestjs 189ms (cache updated)
74 http fetch GET 200 https://registry.npmjs.org/@vercel%2fnode 216ms (cache updated)
75 http fetch GET 200 https://registry.npmjs.org/@vercel%2fstatic-build 250ms (cache updated)
76 http fetch GET 200 https://registry.npmjs.org/@vercel%2fcli-config 262ms (cache updated)
77 http fetch GET 200 https://registry.npmjs.org/@vercel%2fnext 260ms (cache updated)
78 http fetch GET 200 https://registry.npmjs.org/@vercel%2fpython 268ms (cache updated)
79 http fetch GET 200 https://registry.npmjs.org/@vercel%2fgo 310ms (cache updated)
80 http fetch GET 200 https://registry.npmjs.org/@vercel%2ffastify 374ms (cache updated)
81 http fetch GET 200 https://registry.npmjs.org/@vercel%2fbuild-utils 397ms (cache updated)
82 timing idealTree:#root Completed in 453ms
83 silly placeDep ROOT @vercel/backends@0.7.1 OK for: vercel@54.3.0 want: 0.7.1
84 silly placeDep ROOT @vercel/blob@2.4.0 OK for: vercel@54.3.0 want: 2.4.0
85 silly placeDep ROOT @vercel/build-utils@13.26.0 OK for: vercel@54.3.0 want: 13.26.0
86 silly placeDep ROOT @vercel/cli-config@0.1.2 OK for: vercel@54.3.0 want: 0.1.2
87 silly placeDep ROOT @vercel/elysia@0.1.79 OK for: vercel@54.3.0 want: 0.1.79
88 silly placeDep ROOT @vercel/express@0.1.89 OK for: vercel@54.3.0 want: 0.1.89
89 silly placeDep ROOT @vercel/fastify@0.1.82 OK for: vercel@54.3.0 want: 0.1.82
90 silly placeDep ROOT @vercel/go@3.7.1 OK for: vercel@54.3.0 want: 3.7.1
91 silly placeDep ROOT @vercel/h3@0.1.88 OK for: vercel@54.3.0 want: 0.1.88
92 silly placeDep ROOT @vercel/hono@0.2.82 OK for: vercel@54.3.0 want: 0.2.82
93 silly placeDep ROOT @vercel/koa@0.1.62 OK for: vercel@54.3.0 want: 0.1.62
94 silly placeDep ROOT @vercel/nestjs@0.2.83 OK for: vercel@54.3.0 want: 0.2.83
95 silly placeDep ROOT @vercel/next@4.17.3 OK for: vercel@54.3.0 want: 4.17.3
96 silly placeDep ROOT @vercel/node@5.8.3 OK for: vercel@54.3.0 want: 5.8.3
97 silly placeDep ROOT @vercel/python@6.43.0 OK for: vercel@54.3.0 want: 6.43.0
98 silly placeDep ROOT @vercel/remix-builder@5.8.2 OK for: vercel@54.3.0 want: 5.8.2
99 silly placeDep ROOT @vercel/static-build@2.9.29 OK for: vercel@54.3.0 want: 2.9.29
100 silly placeDep ROOT esbuild@0.27.0 OK for: vercel@54.3.0 want: 0.27.0
101 silly fetch manifest execa@3.2.0
102 silly fetch manifest fs-extra@11.1.0
103 silly fetch manifest oxc-transform@0.111.0
104 silly fetch manifest path-to-regexp@8.3.0
105 silly fetch manifest resolve.exports@2.0.3
106 silly fetch manifest rolldown@1.0.0-rc.1
107 silly fetch manifest srvx@0.8.9
108 silly fetch manifest tsx@4.21.0
109 silly fetch manifest zod@3.22.4
110 silly fetch manifest is-buffer@^2.0.5
111 silly fetch manifest is-node-process@^1.2.0
112 silly fetch manifest throttleit@^2.1.0
113 silly fetch manifest undici@^6.23.0
114 silly fetch manifest cjs-module-lexer@1.2.3
115 silly fetch manifest es-module-lexer@1.5.0
116 silly fetch manifest @vercel/python-analysis@0.11.1
117 silly fetch manifest xdg-app-paths@5
118 silly fetch manifest @vercel/cervel@0.1.6
119 silly fetch manifest @edge-runtime/node-utils@2.3.0
120 silly fetch manifest @edge-runtime/primitives@4.1.0
121 silly fetch manifest @edge-runtime/vm@3.2.0
122 silly fetch manifest @types/node@20.11.0
123 silly fetch manifest async-listen@3.0.0
124 silly fetch manifest edge-runtime@2.5.9
125 silly fetch manifest es-module-lexer@1.4.1
126 silly fetch manifest etag@1.8.1
127 silly fetch manifest node-fetch@2.6.9
128 silly fetch manifest path-to-regexp-updated@npm:path-to-regexp@6.3.0
129 silly fetch manifest path-to-regexp@6.1.0
130 silly fetch manifest typescript@npm:typescript@5.9.3
131 silly fetch manifest undici@5.28.4
132 silly fetch manifest @vercel/error-utils@2.1.0
133 silly fetch manifest @vercel/gatsby-plugin-vercel-analytics@1.0.11
134 silly fetch manifest @vercel/gatsby-plugin-vercel-builder@2.2.6
135 silly fetch manifest @esbuild/aix-ppc64@0.27.0
136 silly fetch manifest @esbuild/linux-arm@0.27.0
137 silly fetch manifest @esbuild/linux-x64@0.27.0
138 silly fetch manifest @esbuild/sunos-x64@0.27.0
139 silly fetch manifest @esbuild/win32-x64@0.27.0
140 silly fetch manifest @esbuild/darwin-x64@0.27.0
141 silly fetch manifest @esbuild/linux-ia32@0.27.0
142 silly fetch manifest @esbuild/netbsd-x64@0.27.0
143 silly fetch manifest @esbuild/win32-ia32@0.27.0
144 silly fetch manifest @esbuild/android-arm@0.27.0
145 silly fetch manifest @esbuild/android-x64@0.27.0
146 silly fetch manifest @esbuild/freebsd-x64@0.27.0
147 silly fetch manifest @esbuild/linux-arm64@0.27.0
148 silly fetch manifest @esbuild/linux-ppc64@0.27.0
149 silly fetch manifest @esbuild/linux-s390x@0.27.0
150 silly fetch manifest @esbuild/openbsd-x64@0.27.0
151 silly fetch manifest @esbuild/win32-arm64@0.27.0
152 silly fetch manifest @esbuild/darwin-arm64@0.27.0
153 silly fetch manifest @esbuild/netbsd-arm64@0.27.0
154 silly fetch manifest @esbuild/android-arm64@0.27.0
155 silly fetch manifest @esbuild/freebsd-arm64@0.27.0
156 silly fetch manifest @esbuild/linux-loong64@0.27.0
157 silly fetch manifest @esbuild/linux-riscv64@0.27.0
158 silly fetch manifest @esbuild/openbsd-arm64@0.27.0
159 silly fetch manifest @esbuild/linux-mips64el@0.27.0
160 silly fetch manifest @esbuild/openharmony-arm64@0.27.0
161 http fetch GET 200 https://registry.npmjs.org/tsx 117ms (cache hit)
162 http fetch GET 200 https://registry.npmjs.org/rolldown 122ms (cache hit)
163 http fetch GET 200 https://registry.npmjs.org/typescript 150ms (cache hit)
164 http fetch GET 200 https://registry.npmjs.org/@types%2fnode 225ms (cache hit)
165 http fetch GET 200 https://registry.npmjs.org/throttleit 251ms (cache revalidated)
166 http fetch GET 200 https://registry.npmjs.org/fs-extra 256ms (cache revalidated)
167 http fetch GET 200 https://registry.npmjs.org/path-to-regexp 256ms (cache revalidated)
168 http fetch GET 200 https://registry.npmjs.org/cjs-module-lexer 253ms (cache revalidated)
169 http fetch GET 200 https://registry.npmjs.org/is-node-process 255ms (cache revalidated)
170 http fetch GET 200 https://registry.npmjs.org/is-buffer 256ms (cache revalidated)
171 http fetch GET 200 https://registry.npmjs.org/es-module-lexer 256ms (cache revalidated)
172 http fetch GET 200 https://registry.npmjs.org/undici 258ms (cache revalidated)
173 http fetch GET 200 https://registry.npmjs.org/edge-runtime 261ms (cache revalidated)
174 http fetch GET 200 https://registry.npmjs.org/srvx 269ms (cache revalidated)
175 http fetch GET 200 https://registry.npmjs.org/resolve.exports 270ms (cache revalidated)
176 http fetch GET 200 https://registry.npmjs.org/zod 271ms (cache revalidated)
177 http fetch GET 200 https://registry.npmjs.org/xdg-app-paths 291ms (cache revalidated)
178 http fetch GET 200 https://registry.npmjs.org/es-module-lexer 292ms (cache revalidated)
179 http fetch GET 200 https://registry.npmjs.org/path-to-regexp 292ms (cache revalidated)
180 http fetch GET 200 https://registry.npmjs.org/etag 292ms (cache revalidated)
181 http fetch GET 200 https://registry.npmjs.org/node-fetch 294ms (cache revalidated)
182 http fetch GET 200 https://registry.npmjs.org/undici 295ms (cache revalidated)
183 http fetch GET 200 https://registry.npmjs.org/@esbuild%2faix-ppc64 295ms (cache revalidated)
184 http fetch GET 200 https://registry.npmjs.org/@edge-runtime%2fprimitives 302ms (cache revalidated)
185 http fetch GET 200 https://registry.npmjs.org/@esbuild%2flinux-arm 298ms (cache revalidated)
186 http fetch GET 200 https://registry.npmjs.org/@esbuild%2flinux-x64 298ms (cache revalidated)
187 http fetch GET 200 https://registry.npmjs.org/@esbuild%2fwin32-x64 298ms (cache revalidated)
188 http fetch GET 200 https://registry.npmjs.org/@esbuild%2fnetbsd-x64 297ms (cache revalidated)
189 http fetch GET 200 https://registry.npmjs.org/async-listen 318ms (cache revalidated)
190 http fetch GET 200 https://registry.npmjs.org/@edge-runtime%2fvm 319ms (cache revalidated)
191 http fetch GET 200 https://registry.npmjs.org/@edge-runtime%2fnode-utils 326ms (cache revalidated)
192 http fetch GET 200 https://registry.npmjs.org/@vercel%2fpython-analysis 329ms (cache updated)
193 http fetch GET 200 https://registry.npmjs.org/@esbuild%2fsunos-x64 321ms (cache revalidated)
194 http fetch GET 200 https://registry.npmjs.org/@esbuild%2fdarwin-x64 321ms (cache revalidated)
195 http fetch GET 200 https://registry.npmjs.org/@esbuild%2fandroid-arm 320ms (cache revalidated)
196 http fetch GET 200 https://registry.npmjs.org/@esbuild%2ffreebsd-x64 314ms (cache revalidated)
197 http fetch GET 200 https://registry.npmjs.org/@esbuild%2flinux-ia32 323ms (cache revalidated)
198 http fetch GET 200 https://registry.npmjs.org/@esbuild%2fwin32-arm64 314ms (cache revalidated)
199 http fetch GET 200 https://registry.npmjs.org/@esbuild%2fandroid-x64 322ms (cache revalidated)
200 http fetch GET 200 https://registry.npmjs.org/@esbuild%2fnetbsd-arm64 314ms (cache revalidated)
201 http fetch GET 200 https://registry.npmjs.org/@esbuild%2fopenbsd-x64 316ms (cache revalidated)
202 http fetch GET 200 https://registry.npmjs.org/@esbuild%2fwin32-ia32 326ms (cache revalidated)
203 http fetch GET 200 https://registry.npmjs.org/@esbuild%2flinux-s390x 321ms (cache revalidated)
204 http fetch GET 200 https://registry.npmjs.org/@esbuild%2flinux-ppc64 322ms (cache revalidated)
205 http fetch GET 200 https://registry.npmjs.org/@esbuild%2flinux-riscv64 320ms (cache revalidated)
206 http fetch GET 200 https://registry.npmjs.org/@esbuild%2fdarwin-arm64 322ms (cache revalidated)
207 http fetch GET 200 https://registry.npmjs.org/path-to-regexp 345ms (cache revalidated)
208 http fetch GET 200 https://registry.npmjs.org/execa 357ms (cache revalidated)
209 http fetch GET 200 https://registry.npmjs.org/@esbuild%2flinux-arm64 334ms (cache revalidated)
210 http fetch GET 200 https://registry.npmjs.org/@esbuild%2ffreebsd-arm64 332ms (cache revalidated)
211 http fetch GET 200 https://registry.npmjs.org/@vercel%2fcervel 353ms (cache updated)
212 http fetch GET 200 https://registry.npmjs.org/@esbuild%2fopenharmony-arm64 332ms (cache revalidated)
213 http fetch GET 200 https://registry.npmjs.org/@esbuild%2flinux-mips64el 333ms (cache revalidated)
214 http fetch GET 200 https://registry.npmjs.org/@esbuild%2flinux-loong64 335ms (cache revalidated)
215 http fetch GET 200 https://registry.npmjs.org/@esbuild%2fopenbsd-arm64 335ms (cache revalidated)
216 http fetch GET 200 https://registry.npmjs.org/@esbuild%2fandroid-arm64 338ms (cache revalidated)
217 http fetch GET 200 https://registry.npmjs.org/oxc-transform 365ms (cache updated)
218 http fetch GET 200 https://registry.npmjs.org/@vercel%2fgatsby-plugin-vercel-builder 357ms (cache updated)
219 http fetch GET 200 https://registry.npmjs.org/@vercel%2fgatsby-plugin-vercel-analytics 409ms (cache updated)
220 http fetch GET 200 https://registry.npmjs.org/@vercel%2ferror-utils 468ms (cache updated)
221 timing idealTree:node_modules/vercel Completed in 511ms
222 silly placeDep ROOT execa@3.2.0 OK for: @vercel/backends@0.7.1 want: 3.2.0
223 silly placeDep ROOT fs-extra@11.1.0 OK for: @vercel/backends@0.7.1 want: 11.1.0
224 silly placeDep ROOT oxc-transform@0.111.0 OK for: @vercel/backends@0.7.1 want: 0.111.0
225 silly placeDep ROOT path-to-regexp@8.3.0 OK for: @vercel/backends@0.7.1 want: 8.3.0
226 silly placeDep ROOT resolve.exports@2.0.3 OK for: @vercel/backends@0.7.1 want: 2.0.3
227 silly placeDep ROOT rolldown@1.0.0-rc.1 OK for: @vercel/backends@0.7.1 want: 1.0.0-rc.1
228 silly placeDep ROOT srvx@0.8.9 OK for: @vercel/backends@0.7.1 want: 0.8.9
229 silly placeDep ROOT tsx@4.21.0 OK for: @vercel/backends@0.7.1 want: 4.21.0
230 silly placeDep node_modules/@vercel/backends zod@3.22.4 OK for: @vercel/backends@0.7.1 want: 3.22.4
231 silly fetch manifest p-finally@^2.0.0
232 silly fetch manifest get-stream@^5.0.0
233 silly fetch manifest signal-exit@^3.0.2
234 silly fetch manifest human-signals@^1.1.1
235 silly fetch manifest jsonfile@^6.0.1
236 silly fetch manifest universalify@^2.0.0
237 silly fetch manifest @oxc-transform/binding-darwin-x64@0.111.0
238 silly fetch manifest @oxc-transform/binding-freebsd-x64@0.111.0
239 silly fetch manifest @oxc-transform/binding-wasm32-wasi@0.111.0
240 silly fetch manifest @oxc-transform/binding-darwin-arm64@0.111.0
241 silly fetch manifest @oxc-transform/binding-android-arm64@0.111.0
242 silly fetch manifest @oxc-transform/binding-linux-x64-gnu@0.111.0
243 silly fetch manifest @oxc-transform/binding-linux-x64-musl@0.111.0
244 silly fetch manifest @oxc-transform/binding-win32-x64-msvc@0.111.0
245 silly fetch manifest @oxc-transform/binding-linux-arm64-gnu@0.111.0
246 silly fetch manifest @oxc-transform/binding-linux-ppc64-gnu@0.111.0
247 silly fetch manifest @oxc-transform/binding-linux-s390x-gnu@0.111.0
248 silly fetch manifest @oxc-transform/binding-win32-ia32-msvc@0.111.0
249 silly fetch manifest @oxc-transform/binding-android-arm-eabi@0.111.0
250 silly fetch manifest @oxc-transform/binding-linux-arm64-musl@0.111.0
251 silly fetch manifest @oxc-transform/binding-win32-arm64-msvc@0.111.0
252 silly fetch manifest @oxc-transform/binding-linux-riscv64-gnu@0.111.0
253 silly fetch manifest @oxc-transform/binding-openharmony-arm64@0.111.0
254 silly fetch manifest @oxc-transform/binding-linux-riscv64-musl@0.111.0
255 silly fetch manifest @oxc-transform/binding-linux-arm-gnueabihf@0.111.0
256 silly fetch manifest @oxc-transform/binding-linux-arm-musleabihf@0.111.0
257 silly fetch manifest @oxc-project/types@=0.110.0
258 silly fetch manifest @rolldown/pluginutils@1.0.0-rc.1
259 silly fetch manifest @rolldown/binding-darwin-x64@1.0.0-rc.1
260 silly fetch manifest @rolldown/binding-freebsd-x64@1.0.0-rc.1
261 silly fetch manifest @rolldown/binding-wasm32-wasi@1.0.0-rc.1
262 silly fetch manifest @rolldown/binding-darwin-arm64@1.0.0-rc.1
263 silly fetch manifest @rolldown/binding-android-arm64@1.0.0-rc.1
264 silly fetch manifest @rolldown/binding-linux-x64-gnu@1.0.0-rc.1
265 silly fetch manifest @rolldown/binding-linux-x64-musl@1.0.0-rc.1
266 silly fetch manifest @rolldown/binding-win32-x64-msvc@1.0.0-rc.1
267 silly fetch manifest @rolldown/binding-linux-arm64-gnu@1.0.0-rc.1
268 silly fetch manifest @rolldown/binding-linux-arm64-musl@1.0.0-rc.1
269 silly fetch manifest @rolldown/binding-win32-arm64-msvc@1.0.0-rc.1
270 silly fetch manifest @rolldown/binding-openharmony-arm64@1.0.0-rc.1
271 silly fetch manifest @rolldown/binding-linux-arm-gnueabihf@1.0.0-rc.1
272 silly fetch manifest cookie-es@^2.0.0
273 silly fetch manifest get-tsconfig@^4.7.5
274 silly fetch manifest fsevents@~2.3.3
275 http fetch GET 200 https://registry.npmjs.org/@rolldown%2fbinding-darwin-x64 71ms (cache hit)
276 http fetch GET 200 https://registry.npmjs.org/@rolldown%2fbinding-wasm32-wasi 73ms (cache hit)
277 http fetch GET 200 https://registry.npmjs.org/@oxc-project%2ftypes 78ms (cache hit)
278 http fetch GET 200 https://registry.npmjs.org/@rolldown%2fbinding-darwin-arm64 78ms (cache hit)
279 http fetch GET 200 https://registry.npmjs.org/@rolldown%2fbinding-android-arm64 79ms (cache hit)
280 http fetch GET 200 https://registry.npmjs.org/@rolldown%2fbinding-linux-x64-gnu 81ms (cache hit)
281 http fetch GET 200 https://registry.npmjs.org/@rolldown%2fbinding-linux-x64-musl 83ms (cache hit)
282 http fetch GET 200 https://registry.npmjs.org/@rolldown%2fbinding-win32-x64-msvc 86ms (cache hit)
283 http fetch GET 200 https://registry.npmjs.org/@rolldown%2fbinding-linux-arm64-gnu 90ms (cache hit)
284 http fetch GET 200 https://registry.npmjs.org/@rolldown%2fbinding-linux-arm64-musl 92ms (cache hit)
285 http fetch GET 200 https://registry.npmjs.org/@rolldown%2fbinding-win32-arm64-msvc 95ms (cache hit)
286 http fetch GET 200 https://registry.npmjs.org/@rolldown%2fbinding-openharmony-arm64 97ms (cache hit)
287 http fetch GET 200 https://registry.npmjs.org/@rolldown%2fbinding-linux-arm-gnueabihf 97ms (cache hit)
288 http fetch GET 200 https://registry.npmjs.org/@rolldown%2fpluginutils 105ms (cache hit)
289 http fetch GET 200 https://registry.npmjs.org/fsevents 110ms (cache hit)
290 http fetch GET 200 https://registry.npmjs.org/@rolldown%2fbinding-freebsd-x64 116ms (cache hit)
291 http fetch GET 200 https://registry.npmjs.org/human-signals 162ms (cache revalidated)
292 http fetch GET 200 https://registry.npmjs.org/signal-exit 163ms (cache revalidated)
293 http fetch GET 200 https://registry.npmjs.org/jsonfile 163ms (cache revalidated)
294 http fetch GET 200 https://registry.npmjs.org/universalify 164ms (cache revalidated)
295 http fetch GET 200 https://registry.npmjs.org/get-stream 166ms (cache revalidated)
296 http fetch GET 200 https://registry.npmjs.org/p-finally 167ms (cache revalidated)
297 http fetch GET 200 https://registry.npmjs.org/@oxc-transform%2fbinding-freebsd-x64 170ms (cache updated)
298 http fetch GET 200 https://registry.npmjs.org/cookie-es 151ms (cache revalidated)
299 http fetch GET 200 https://registry.npmjs.org/get-tsconfig 151ms (cache revalidated)
300 http fetch GET 200 https://registry.npmjs.org/@oxc-transform%2fbinding-wasm32-wasi 172ms (cache updated)
301 http fetch GET 200 https://registry.npmjs.org/@oxc-transform%2fbinding-darwin-arm64 172ms (cache updated)
302 http fetch GET 200 https://registry.npmjs.org/@oxc-transform%2fbinding-linux-x64-musl 165ms (cache updated)
303 http fetch GET 200 https://registry.npmjs.org/@oxc-transform%2fbinding-android-arm64 174ms (cache updated)
304 http fetch GET 200 https://registry.npmjs.org/@oxc-transform%2fbinding-linux-arm64-musl 165ms (cache updated)
305 http fetch GET 200 https://registry.npmjs.org/@oxc-transform%2fbinding-win32-x64-msvc 173ms (cache updated)
306 http fetch GET 200 https://registry.npmjs.org/@oxc-transform%2fbinding-darwin-x64 183ms (cache updated)
307 http fetch GET 200 https://registry.npmjs.org/@oxc-transform%2fbinding-linux-arm-musleabihf 170ms (cache updated)
308 http fetch GET 200 https://registry.npmjs.org/@oxc-transform%2fbinding-win32-arm64-msvc 173ms (cache updated)
309 http fetch GET 200 https://registry.npmjs.org/@oxc-transform%2fbinding-linux-arm64-gnu 185ms (cache updated)
310 http fetch GET 200 https://registry.npmjs.org/@oxc-transform%2fbinding-linux-x64-gnu 203ms (cache updated)
311 http fetch GET 200 https://registry.npmjs.org/@oxc-transform%2fbinding-linux-s390x-gnu 202ms (cache updated)
312 http fetch GET 200 https://registry.npmjs.org/@oxc-transform%2fbinding-linux-arm-gnueabihf 258ms (cache updated)
313 http fetch GET 200 https://registry.npmjs.org/@oxc-transform%2fbinding-openharmony-arm64 284ms (cache updated)
314 http fetch GET 200 https://registry.npmjs.org/@oxc-transform%2fbinding-linux-riscv64-gnu 286ms (cache updated)
315 http fetch GET 200 https://registry.npmjs.org/@oxc-transform%2fbinding-linux-ppc64-gnu 310ms (cache updated)
316 http fetch GET 200 https://registry.npmjs.org/@oxc-transform%2fbinding-win32-ia32-msvc 330ms (cache updated)
317 http fetch GET 200 https://registry.npmjs.org/@oxc-transform%2fbinding-linux-riscv64-musl 340ms (cache updated)
318 http fetch GET 200 https://registry.npmjs.org/@oxc-transform%2fbinding-android-arm-eabi 361ms (cache updated)
319 timing idealTree:node_modules/@vercel/backends Completed in 385ms
320 silly placeDep ROOT is-buffer@2.0.5 OK for: @vercel/blob@2.4.0 want: ^2.0.5
321 silly placeDep ROOT is-node-process@1.2.0 OK for: @vercel/blob@2.4.0 want: ^1.2.0
322 silly placeDep ROOT throttleit@2.1.0 OK for: @vercel/blob@2.4.0 want: ^2.1.0
323 silly placeDep ROOT undici@6.25.0 OK for: @vercel/blob@2.4.0 want: ^6.23.0
324 timing idealTree:node_modules/@vercel/blob Completed in 4ms
325 silly placeDep ROOT @vercel/python-analysis@0.11.1 OK for: @vercel/build-utils@13.26.0 want: 0.11.1
326 silly placeDep ROOT cjs-module-lexer@1.2.3 OK for: @vercel/build-utils@13.26.0 want: 1.2.3
327 silly placeDep ROOT es-module-lexer@1.5.0 OK for: @vercel/build-utils@13.26.0 want: 1.5.0
328 silly fetch manifest js-yaml@4.1.1
329 silly fetch manifest fs-extra@11.1.1
330 silly fetch manifest minimatch@10.1.1
331 silly fetch manifest @renovatebot/pep440@4.2.1
332 silly fetch manifest @bytecodealliance/preview2-shim@0.17.6
333 http fetch GET 200 https://registry.npmjs.org/js-yaml 30ms (cache revalidated)
334 http fetch GET 200 https://registry.npmjs.org/minimatch 38ms (cache revalidated)
335 http fetch GET 200 https://registry.npmjs.org/@renovatebot%2fpep440 57ms (cache revalidated)
336 http fetch GET 200 https://registry.npmjs.org/@bytecodealliance%2fpreview2-shim 59ms (cache revalidated)
337 timing idealTree:node_modules/@vercel/build-utils Completed in 65ms
338 silly placeDep ROOT xdg-app-paths@5.5.1 OK for: @vercel/cli-config@0.1.2 want: 5
339 timing idealTree:node_modules/@vercel/cli-config Completed in 1ms
340 timing idealTree:node_modules/@vercel/elysia Completed in 0ms
341 silly placeDep ROOT @vercel/cervel@0.1.6 OK for: @vercel/express@0.1.89 want: 0.1.6
342 silly placeDep node_modules/@vercel/express zod@3.22.4 OK for: @vercel/express@0.1.89 want: 3.22.4
343 timing idealTree:node_modules/@vercel/express Completed in 2ms
344 timing idealTree:node_modules/@vercel/cervel Completed in 0ms
345 timing idealTree:node_modules/@vercel/fastify Completed in 0ms
346 timing idealTree:node_modules/@vercel/go Completed in 0ms
347 timing idealTree:node_modules/@vercel/h3 Completed in 0ms
348 silly placeDep node_modules/@vercel/hono zod@3.22.4 OK for: @vercel/hono@0.2.82 want: 3.22.4
349 timing idealTree:node_modules/@vercel/hono Completed in 1ms
350 timing idealTree:node_modules/@vercel/koa Completed in 0ms
351 timing idealTree:node_modules/@vercel/nestjs Completed in 0ms
352 timing idealTree:node_modules/@vercel/next Completed in 0ms
353 silly fetch manifest encoding@^0.1.0
354 http fetch GET 200 https://registry.npmjs.org/encoding 34ms (cache revalidated)
355 silly placeDep ROOT @edge-runtime/node-utils@2.3.0 OK for: @vercel/node@5.8.3 want: 2.3.0
356 silly placeDep ROOT @edge-runtime/primitives@4.1.0 OK for: @vercel/node@5.8.3 want: 4.1.0
357 silly placeDep ROOT @edge-runtime/vm@3.2.0 OK for: @vercel/node@5.8.3 want: 3.2.0
358 silly placeDep ROOT @types/node@20.11.0 OK for: @vercel/node@5.8.3 want: 20.11.0
359 silly placeDep ROOT @vercel/error-utils@2.1.0 OK for: @vercel/node@5.8.3 want: 2.1.0
360 silly placeDep node_modules/@vercel/node async-listen@3.0.0 OK for: @vercel/node@5.8.3 want: 3.0.0
361 silly placeDep ROOT edge-runtime@2.5.9 OK for: @vercel/node@5.8.3 want: 2.5.9
362 silly placeDep node_modules/@vercel/node es-module-lexer@1.4.1 OK for: @vercel/node@5.8.3 want: 1.4.1
363 silly placeDep ROOT etag@1.8.1 OK for: @vercel/node@5.8.3 want: 1.8.1
364 silly placeDep node_modules/@vercel/node node-fetch@2.6.9 OK for: @vercel/node@5.8.3 want: 2.6.9
365 silly placeDep node_modules/@vercel/node path-to-regexp@6.1.0 OK for: @vercel/node@5.8.3 want: 6.1.0
366 silly placeDep ROOT path-to-regexp-updated@6.3.0 OK for: @vercel/node@5.8.3 want: npm:path-to-regexp@6.3.0
367 silly placeDep ROOT typescript@5.9.3 OK for: @vercel/node@5.8.3 want: npm:typescript@5.9.3
368 silly placeDep node_modules/@vercel/node undici@5.28.4 OK for: @vercel/node@5.8.3 want: 5.28.4
369 silly fetch manifest undici-types@~5.26.4
370 silly fetch manifest mri@1.2.0
371 silly fetch manifest pretty-ms@7.0.1
372 silly fetch manifest time-span@4.0.0
373 silly fetch manifest picocolors@1.0.0
374 silly fetch manifest signal-exit@4.0.2
375 silly fetch manifest async-listen@3.0.1
376 silly fetch manifest @edge-runtime/format@2.2.1
377 silly fetch manifest @edge-runtime/ponyfill@2.4.2
378 silly fetch manifest @fastify/busboy@^2.0.0
379 http fetch GET 200 https://registry.npmjs.org/picocolors 17ms (cache hit)
380 http fetch GET 200 https://registry.npmjs.org/time-span 33ms (cache revalidated)
381 http fetch GET 200 https://registry.npmjs.org/mri 35ms (cache revalidated)
382 http fetch GET 200 https://registry.npmjs.org/pretty-ms 37ms (cache revalidated)
383 http fetch GET 200 https://registry.npmjs.org/undici-types 44ms (cache revalidated)
384 http fetch GET 200 https://registry.npmjs.org/@edge-runtime%2fformat 50ms (cache revalidated)
385 http fetch GET 200 https://registry.npmjs.org/@fastify%2fbusboy 55ms (cache revalidated)
386 http fetch GET 200 https://registry.npmjs.org/@edge-runtime%2fponyfill 125ms (cache revalidated)
387 timing idealTree:node_modules/@vercel/node Completed in 177ms
388 timing idealTree:node_modules/@edge-runtime/node-utils Completed in 0ms
389 timing idealTree:node_modules/@edge-runtime/primitives Completed in 0ms
390 timing idealTree:node_modules/@edge-runtime/vm Completed in 0ms
391 silly placeDep ROOT undici-types@5.26.5 OK for: @types/node@20.11.0 want: ~5.26.4
392 timing idealTree:node_modules/@types/node Completed in 1ms
393 timing idealTree:node_modules/@vercel/error-utils Completed in 0ms
394 timing idealTree:node_modules/@vercel/python Completed in 0ms
395 silly placeDep ROOT @bytecodealliance/preview2-shim@0.17.6 OK for: @vercel/python-analysis@0.11.1 want: 0.17.6
396 silly placeDep ROOT @renovatebot/pep440@4.2.1 OK for: @vercel/python-analysis@0.11.1 want: 4.2.1
397 silly placeDep node_modules/@vercel/python-analysis fs-extra@11.1.1 OK for: @vercel/python-analysis@0.11.1 want: 11.1.1
398 silly placeDep ROOT js-yaml@4.1.1 OK for: @vercel/python-analysis@0.11.1 want: 4.1.1
399 silly placeDep ROOT minimatch@10.1.1 OK for: @vercel/python-analysis@0.11.1 want: 10.1.1
400 silly placeDep node_modules/@vercel/python-analysis zod@3.22.4 OK for: @vercel/python-analysis@0.11.1 want: 3.22.4
401 silly fetch manifest argparse@^2.0.1
402 silly fetch manifest @isaacs/brace-expansion@^5.0.0
403 http fetch GET 200 https://registry.npmjs.org/argparse 27ms (cache revalidated)
404 http fetch GET 200 https://registry.npmjs.org/@isaacs%2fbrace-expansion 48ms (cache revalidated)
405 timing idealTree:node_modules/@vercel/python-analysis Completed in 55ms
406 timing idealTree:node_modules/@bytecodealliance/preview2-shim Completed in 0ms
407 timing idealTree:node_modules/@renovatebot/pep440 Completed in 0ms
408 silly placeDep node_modules/@vercel/remix-builder path-to-regexp@6.1.0 OK for: @vercel/remix-builder@5.8.2 want: 6.1.0
409 timing idealTree:node_modules/@vercel/remix-builder Completed in 2ms
410 silly placeDep ROOT @vercel/gatsby-plugin-vercel-analytics@1.0.11 OK for: @vercel/static-build@2.9.29 want: 1.0.11
411 silly placeDep ROOT @vercel/gatsby-plugin-vercel-builder@2.2.6 OK for: @vercel/static-build@2.9.29 want: 2.2.6
412 silly fetch manifest web-vitals@0.2.4
413 silly fetch manifest @sinclair/typebox@0.25.24
414 http fetch GET 200 https://registry.npmjs.org/web-vitals 31ms (cache revalidated)
415 http fetch GET 200 https://registry.npmjs.org/@sinclair%2ftypebox 46ms (cache revalidated)
416 timing idealTree:node_modules/@vercel/static-build Completed in 51ms
417 silly placeDep ROOT web-vitals@0.2.4 OK for: @vercel/gatsby-plugin-vercel-analytics@1.0.11 want: 0.2.4
418 timing idealTree:node_modules/@vercel/gatsby-plugin-vercel-analytics Completed in 1ms
419 silly placeDep ROOT @sinclair/typebox@0.25.24 OK for: @vercel/gatsby-plugin-vercel-builder@2.2.6 want: 0.25.24
420 timing idealTree:node_modules/@vercel/gatsby-plugin-vercel-builder Completed in 1ms
421 timing idealTree:node_modules/@sinclair/typebox Completed in 0ms
422 timing idealTree:node_modules/cjs-module-lexer Completed in 0ms
423 silly placeDep ROOT @edge-runtime/format@2.2.1 OK for: edge-runtime@2.5.9 want: 2.2.1
424 silly placeDep ROOT @edge-runtime/ponyfill@2.4.2 OK for: edge-runtime@2.5.9 want: 2.4.2
425 silly placeDep node_modules/edge-runtime async-listen@3.0.1 OK for: edge-runtime@2.5.9 want: 3.0.1
426 silly placeDep ROOT mri@1.2.0 OK for: edge-runtime@2.5.9 want: 1.2.0
427 silly placeDep ROOT picocolors@1.0.0 OK for: edge-runtime@2.5.9 want: 1.0.0
428 silly placeDep ROOT pretty-ms@7.0.1 OK for: edge-runtime@2.5.9 want: 7.0.1
429 silly placeDep ROOT signal-exit@4.0.2 OK for: edge-runtime@2.5.9 want: 4.0.2
430 silly placeDep ROOT time-span@4.0.0 OK for: edge-runtime@2.5.9 want: 4.0.0
431 silly fetch manifest parse-ms@^2.1.0
432 silly fetch manifest convert-hrtime@^3.0.0
433 http fetch GET 200 https://registry.npmjs.org/parse-ms 29ms (cache revalidated)
434 http fetch GET 200 https://registry.npmjs.org/convert-hrtime 32ms (cache revalidated)
435 timing idealTree:node_modules/edge-runtime Completed in 39ms
436 timing idealTree:node_modules/@edge-runtime/format Completed in 0ms
437 timing idealTree:node_modules/@edge-runtime/ponyfill Completed in 0ms
438 timing idealTree:node_modules/es-module-lexer Completed in 0ms
439 silly placeDep ROOT @esbuild/aix-ppc64@0.27.0 OK for: esbuild@0.27.0 want: 0.27.0
440 silly placeDep ROOT @esbuild/android-arm@0.27.0 OK for: esbuild@0.27.0 want: 0.27.0
441 silly placeDep ROOT @esbuild/android-arm64@0.27.0 OK for: esbuild@0.27.0 want: 0.27.0
442 silly placeDep ROOT @esbuild/android-x64@0.27.0 OK for: esbuild@0.27.0 want: 0.27.0
443 silly placeDep ROOT @esbuild/darwin-arm64@0.27.0 OK for: esbuild@0.27.0 want: 0.27.0
444 silly placeDep ROOT @esbuild/darwin-x64@0.27.0 OK for: esbuild@0.27.0 want: 0.27.0
445 silly placeDep ROOT @esbuild/freebsd-arm64@0.27.0 OK for: esbuild@0.27.0 want: 0.27.0
446 silly placeDep ROOT @esbuild/freebsd-x64@0.27.0 OK for: esbuild@0.27.0 want: 0.27.0
447 silly placeDep ROOT @esbuild/linux-arm@0.27.0 OK for: esbuild@0.27.0 want: 0.27.0
448 silly placeDep ROOT @esbuild/linux-arm64@0.27.0 OK for: esbuild@0.27.0 want: 0.27.0
449 silly placeDep ROOT @esbuild/linux-ia32@0.27.0 OK for: esbuild@0.27.0 want: 0.27.0
450 silly placeDep ROOT @esbuild/linux-loong64@0.27.0 OK for: esbuild@0.27.0 want: 0.27.0
451 silly placeDep ROOT @esbuild/linux-mips64el@0.27.0 OK for: esbuild@0.27.0 want: 0.27.0
452 silly placeDep ROOT @esbuild/linux-ppc64@0.27.0 OK for: esbuild@0.27.0 want: 0.27.0
453 silly placeDep ROOT @esbuild/linux-riscv64@0.27.0 OK for: esbuild@0.27.0 want: 0.27.0
454 silly placeDep ROOT @esbuild/linux-s390x@0.27.0 OK for: esbuild@0.27.0 want: 0.27.0
455 silly placeDep ROOT @esbuild/linux-x64@0.27.0 OK for: esbuild@0.27.0 want: 0.27.0
456 silly placeDep ROOT @esbuild/netbsd-arm64@0.27.0 OK for: esbuild@0.27.0 want: 0.27.0
457 silly placeDep ROOT @esbuild/netbsd-x64@0.27.0 OK for: esbuild@0.27.0 want: 0.27.0
458 silly placeDep ROOT @esbuild/openbsd-arm64@0.27.0 OK for: esbuild@0.27.0 want: 0.27.0
459 silly placeDep ROOT @esbuild/openbsd-x64@0.27.0 OK for: esbuild@0.27.0 want: 0.27.0
460 silly placeDep ROOT @esbuild/openharmony-arm64@0.27.0 OK for: esbuild@0.27.0 want: 0.27.0
461 silly placeDep ROOT @esbuild/sunos-x64@0.27.0 OK for: esbuild@0.27.0 want: 0.27.0
462 silly placeDep ROOT @esbuild/win32-arm64@0.27.0 OK for: esbuild@0.27.0 want: 0.27.0
463 silly placeDep ROOT @esbuild/win32-ia32@0.27.0 OK for: esbuild@0.27.0 want: 0.27.0
464 silly placeDep ROOT @esbuild/win32-x64@0.27.0 OK for: esbuild@0.27.0 want: 0.27.0
465 timing idealTree:node_modules/esbuild Completed in 21ms
466 timing idealTree:node_modules/@esbuild/aix-ppc64 Completed in 0ms
467 timing idealTree:node_modules/@esbuild/android-arm Completed in 0ms
468 timing idealTree:node_modules/@esbuild/android-arm64 Completed in 0ms
469 timing idealTree:node_modules/@esbuild/android-x64 Completed in 0ms
470 timing idealTree:node_modules/@esbuild/darwin-arm64 Completed in 0ms
471 timing idealTree:node_modules/@esbuild/darwin-x64 Completed in 0ms
472 timing idealTree:node_modules/@esbuild/freebsd-arm64 Completed in 0ms
473 timing idealTree:node_modules/@esbuild/freebsd-x64 Completed in 0ms
474 timing idealTree:node_modules/@esbuild/linux-arm Completed in 0ms
475 timing idealTree:node_modules/@esbuild/linux-arm64 Completed in 0ms
476 timing idealTree:node_modules/@esbuild/linux-ia32 Completed in 0ms
477 timing idealTree:node_modules/@esbuild/linux-loong64 Completed in 0ms
478 timing idealTree:node_modules/@esbuild/linux-mips64el Completed in 0ms
479 timing idealTree:node_modules/@esbuild/linux-ppc64 Completed in 0ms
480 timing idealTree:node_modules/@esbuild/linux-riscv64 Completed in 0ms
481 timing idealTree:node_modules/@esbuild/linux-s390x Completed in 0ms
482 timing idealTree:node_modules/@esbuild/linux-x64 Completed in 0ms
483 timing idealTree:node_modules/@esbuild/netbsd-arm64 Completed in 0ms
484 timing idealTree:node_modules/@esbuild/netbsd-x64 Completed in 0ms
485 timing idealTree:node_modules/@esbuild/openbsd-arm64 Completed in 0ms
486 timing idealTree:node_modules/@esbuild/openbsd-x64 Completed in 0ms
487 timing idealTree:node_modules/@esbuild/openharmony-arm64 Completed in 0ms
488 timing idealTree:node_modules/@esbuild/sunos-x64 Completed in 0ms
489 timing idealTree:node_modules/@esbuild/win32-arm64 Completed in 0ms
490 timing idealTree:node_modules/@esbuild/win32-ia32 Completed in 0ms
491 timing idealTree:node_modules/@esbuild/win32-x64 Completed in 0ms
492 timing idealTree:node_modules/etag Completed in 1ms
493 silly placeDep ROOT get-stream@5.2.0 OK for: execa@3.2.0 want: ^5.0.0
494 silly placeDep ROOT human-signals@1.1.1 OK for: execa@3.2.0 want: ^1.1.1
495 silly placeDep ROOT p-finally@2.0.1 OK for: execa@3.2.0 want: ^2.0.0
496 silly placeDep node_modules/execa signal-exit@3.0.7 OK for: execa@3.2.0 want: ^3.0.2
497 silly fetch manifest pump@^3.0.0
498 http fetch GET 200 https://registry.npmjs.org/pump 37ms (cache revalidated)
499 timing idealTree:node_modules/execa Completed in 41ms
500 silly placeDep ROOT jsonfile@6.2.1 OK for: fs-extra@11.1.0 want: ^6.0.1
501 silly placeDep ROOT universalify@2.0.1 OK for: fs-extra@11.1.0 want: ^2.0.0
502 timing idealTree:node_modules/fs-extra Completed in 2ms
503 silly placeDep ROOT pump@3.0.4 OK for: get-stream@5.2.0 want: ^3.0.0
504 silly fetch manifest end-of-stream@^1.1.0
505 silly fetch manifest once@^1.3.1
506 http fetch GET 200 https://registry.npmjs.org/end-of-stream 29ms (cache revalidated)
507 http fetch GET 200 https://registry.npmjs.org/once 37ms (cache revalidated)
508 timing idealTree:node_modules/get-stream Completed in 40ms
509 timing idealTree:node_modules/human-signals Completed in 0ms
510 timing idealTree:node_modules/is-buffer Completed in 0ms
511 timing idealTree:node_modules/is-node-process Completed in 0ms
512 silly placeDep ROOT argparse@2.0.1 OK for: js-yaml@4.1.1 want: ^2.0.1
513 timing idealTree:node_modules/js-yaml Completed in 1ms
514 timing idealTree:node_modules/argparse Completed in 0ms
515 timing idealTree:node_modules/jsonfile Completed in 0ms
516 silly placeDep ROOT @isaacs/brace-expansion@5.0.1 OK for: minimatch@10.1.1 want: ^5.0.0
517 silly fetch manifest @isaacs/balanced-match@^4.0.1
518 http fetch GET 200 https://registry.npmjs.org/@isaacs%2fbalanced-match 40ms (cache revalidated)
519 timing idealTree:node_modules/minimatch Completed in 42ms
520 silly placeDep ROOT @isaacs/balanced-match@4.0.1 OK for: @isaacs/brace-expansion@5.0.1 want: ^4.0.1
521 timing idealTree:node_modules/@isaacs/brace-expansion Completed in 1ms
522 timing idealTree:node_modules/@isaacs/balanced-match Completed in 0ms
523 timing idealTree:node_modules/mri Completed in 0ms
524 silly placeDep ROOT @oxc-transform/binding-android-arm-eabi@0.111.0 OK for: oxc-transform@0.111.0 want: 0.111.0
525 silly placeDep ROOT @oxc-transform/binding-android-arm64@0.111.0 OK for: oxc-transform@0.111.0 want: 0.111.0
526 silly placeDep ROOT @oxc-transform/binding-darwin-arm64@0.111.0 OK for: oxc-transform@0.111.0 want: 0.111.0
527 silly placeDep ROOT @oxc-transform/binding-darwin-x64@0.111.0 OK for: oxc-transform@0.111.0 want: 0.111.0
528 silly placeDep ROOT @oxc-transform/binding-freebsd-x64@0.111.0 OK for: oxc-transform@0.111.0 want: 0.111.0
529 silly placeDep ROOT @oxc-transform/binding-linux-arm-gnueabihf@0.111.0 OK for: oxc-transform@0.111.0 want: 0.111.0
530 silly placeDep ROOT @oxc-transform/binding-linux-arm-musleabihf@0.111.0 OK for: oxc-transform@0.111.0 want: 0.111.0
531 silly placeDep ROOT @oxc-transform/binding-linux-arm64-gnu@0.111.0 OK for: oxc-transform@0.111.0 want: 0.111.0
532 silly placeDep ROOT @oxc-transform/binding-linux-arm64-musl@0.111.0 OK for: oxc-transform@0.111.0 want: 0.111.0
533 silly placeDep ROOT @oxc-transform/binding-linux-ppc64-gnu@0.111.0 OK for: oxc-transform@0.111.0 want: 0.111.0
534 silly placeDep ROOT @oxc-transform/binding-linux-riscv64-gnu@0.111.0 OK for: oxc-transform@0.111.0 want: 0.111.0
535 silly placeDep ROOT @oxc-transform/binding-linux-riscv64-musl@0.111.0 OK for: oxc-transform@0.111.0 want: 0.111.0
536 silly placeDep ROOT @oxc-transform/binding-linux-s390x-gnu@0.111.0 OK for: oxc-transform@0.111.0 want: 0.111.0
537 silly placeDep ROOT @oxc-transform/binding-linux-x64-gnu@0.111.0 OK for: oxc-transform@0.111.0 want: 0.111.0
538 silly placeDep ROOT @oxc-transform/binding-linux-x64-musl@0.111.0 OK for: oxc-transform@0.111.0 want: 0.111.0
539 silly placeDep ROOT @oxc-transform/binding-openharmony-arm64@0.111.0 OK for: oxc-transform@0.111.0 want: 0.111.0
540 silly placeDep ROOT @oxc-transform/binding-wasm32-wasi@0.111.0 OK for: oxc-transform@0.111.0 want: 0.111.0
541 silly placeDep ROOT @oxc-transform/binding-win32-arm64-msvc@0.111.0 OK for: oxc-transform@0.111.0 want: 0.111.0
542 silly placeDep ROOT @oxc-transform/binding-win32-ia32-msvc@0.111.0 OK for: oxc-transform@0.111.0 want: 0.111.0
543 silly placeDep ROOT @oxc-transform/binding-win32-x64-msvc@0.111.0 OK for: oxc-transform@0.111.0 want: 0.111.0
544 silly fetch manifest @napi-rs/wasm-runtime@^1.1.1
545 http fetch GET 200 https://registry.npmjs.org/@napi-rs%2fwasm-runtime 5ms (cache hit)
546 timing idealTree:node_modules/oxc-transform Completed in 18ms
547 timing idealTree:node_modules/@oxc-transform/binding-android-arm-eabi Completed in 0ms
548 timing idealTree:node_modules/@oxc-transform/binding-android-arm64 Completed in 0ms
549 timing idealTree:node_modules/@oxc-transform/binding-darwin-arm64 Completed in 0ms
550 timing idealTree:node_modules/@oxc-transform/binding-darwin-x64 Completed in 0ms
551 timing idealTree:node_modules/@oxc-transform/binding-freebsd-x64 Completed in 0ms
552 timing idealTree:node_modules/@oxc-transform/binding-linux-arm-gnueabihf Completed in 0ms
553 timing idealTree:node_modules/@oxc-transform/binding-linux-arm-musleabihf Completed in 0ms
554 timing idealTree:node_modules/@oxc-transform/binding-linux-arm64-gnu Completed in 0ms
555 timing idealTree:node_modules/@oxc-transform/binding-linux-arm64-musl Completed in 0ms
556 timing idealTree:node_modules/@oxc-transform/binding-linux-ppc64-gnu Completed in 0ms
557 timing idealTree:node_modules/@oxc-transform/binding-linux-riscv64-gnu Completed in 0ms
558 timing idealTree:node_modules/@oxc-transform/binding-linux-riscv64-musl Completed in 0ms
559 timing idealTree:node_modules/@oxc-transform/binding-linux-s390x-gnu Completed in 0ms
560 timing idealTree:node_modules/@oxc-transform/binding-linux-x64-gnu Completed in 0ms
561 timing idealTree:node_modules/@oxc-transform/binding-linux-x64-musl Completed in 0ms
562 timing idealTree:node_modules/@oxc-transform/binding-openharmony-arm64 Completed in 0ms
563 silly fetch manifest @emnapi/core@^1.7.1
564 http fetch GET 200 https://registry.npmjs.org/@emnapi%2fcore 6ms (cache hit)
565 silly fetch manifest @emnapi/runtime@^1.7.1
566 http fetch GET 200 https://registry.npmjs.org/@emnapi%2fruntime 6ms (cache hit)
567 silly placeDep ROOT @napi-rs/wasm-runtime@1.1.4 OK for: @oxc-transform/binding-wasm32-wasi@0.111.0 want: ^1.1.1
568 silly placeDep ROOT @emnapi/core@1.10.0 OK for: @napi-rs/wasm-runtime@1.1.4 want: ^1.7.1
569 silly placeDep ROOT @emnapi/runtime@1.10.0 OK for: @napi-rs/wasm-runtime@1.1.4 want: ^1.7.1
570 silly fetch manifest @tybys/wasm-util@^0.10.1
571 silly fetch manifest @emnapi/wasi-threads@1.2.1
572 http fetch GET 200 https://registry.npmjs.org/@emnapi%2fwasi-threads 3ms (cache hit)
573 http fetch GET 200 https://registry.npmjs.org/@tybys%2fwasm-util 4ms (cache hit)
574 timing idealTree:node_modules/@oxc-transform/binding-wasm32-wasi Completed in 23ms
575 silly placeDep ROOT @emnapi/wasi-threads@1.2.1 OK for: @emnapi/core@1.10.0 want: 1.2.1
576 timing idealTree:node_modules/@emnapi/core Completed in 1ms
577 timing idealTree:node_modules/@emnapi/runtime Completed in 0ms
578 timing idealTree:node_modules/@emnapi/wasi-threads Completed in 0ms
579 silly placeDep ROOT @tybys/wasm-util@0.10.2 OK for: @napi-rs/wasm-runtime@1.1.4 want: ^0.10.1
580 timing idealTree:node_modules/@napi-rs/wasm-runtime Completed in 1ms
581 timing idealTree:node_modules/@oxc-transform/binding-win32-arm64-msvc Completed in 0ms
582 timing idealTree:node_modules/@oxc-transform/binding-win32-ia32-msvc Completed in 0ms
583 timing idealTree:node_modules/@oxc-transform/binding-win32-x64-msvc Completed in 0ms
584 timing idealTree:node_modules/@tybys/wasm-util Completed in 0ms
585 timing idealTree:node_modules/p-finally Completed in 0ms
586 timing idealTree:node_modules/path-to-regexp Completed in 0ms
587 timing idealTree:node_modules/path-to-regexp-updated Completed in 0ms
588 timing idealTree:node_modules/picocolors Completed in 0ms
589 silly placeDep ROOT parse-ms@2.1.0 OK for: pretty-ms@7.0.1 want: ^2.1.0
590 timing idealTree:node_modules/pretty-ms Completed in 1ms
591 timing idealTree:node_modules/parse-ms Completed in 0ms
592 silly placeDep ROOT end-of-stream@1.4.5 OK for: pump@3.0.4 want: ^1.1.0
593 silly placeDep ROOT once@1.4.0 OK for: pump@3.0.4 want: ^1.3.1
594 timing idealTree:node_modules/pump Completed in 2ms
595 timing idealTree:node_modules/end-of-stream Completed in 0ms
596 timing idealTree:node_modules/once Completed in 0ms
597 timing idealTree:node_modules/resolve.exports Completed in 0ms
598 silly placeDep ROOT @oxc-project/types@0.110.0 OK for: rolldown@1.0.0-rc.1 want: =0.110.0
599 silly placeDep ROOT @rolldown/binding-android-arm64@1.0.0-rc.1 OK for: rolldown@1.0.0-rc.1 want: 1.0.0-rc.1
600 silly placeDep ROOT @rolldown/binding-darwin-arm64@1.0.0-rc.1 OK for: rolldown@1.0.0-rc.1 want: 1.0.0-rc.1
601 silly placeDep ROOT @rolldown/binding-darwin-x64@1.0.0-rc.1 OK for: rolldown@1.0.0-rc.1 want: 1.0.0-rc.1
602 silly placeDep ROOT @rolldown/binding-freebsd-x64@1.0.0-rc.1 OK for: rolldown@1.0.0-rc.1 want: 1.0.0-rc.1
603 silly placeDep ROOT @rolldown/binding-linux-arm-gnueabihf@1.0.0-rc.1 OK for: rolldown@1.0.0-rc.1 want: 1.0.0-rc.1
604 silly placeDep ROOT @rolldown/binding-linux-arm64-gnu@1.0.0-rc.1 OK for: rolldown@1.0.0-rc.1 want: 1.0.0-rc.1
605 silly placeDep ROOT @rolldown/binding-linux-arm64-musl@1.0.0-rc.1 OK for: rolldown@1.0.0-rc.1 want: 1.0.0-rc.1
606 silly placeDep ROOT @rolldown/binding-linux-x64-gnu@1.0.0-rc.1 OK for: rolldown@1.0.0-rc.1 want: 1.0.0-rc.1
607 silly placeDep ROOT @rolldown/binding-linux-x64-musl@1.0.0-rc.1 OK for: rolldown@1.0.0-rc.1 want: 1.0.0-rc.1
608 silly placeDep ROOT @rolldown/binding-openharmony-arm64@1.0.0-rc.1 OK for: rolldown@1.0.0-rc.1 want: 1.0.0-rc.1
609 silly placeDep ROOT @rolldown/binding-wasm32-wasi@1.0.0-rc.1 OK for: rolldown@1.0.0-rc.1 want: 1.0.0-rc.1
610 silly placeDep ROOT @rolldown/binding-win32-arm64-msvc@1.0.0-rc.1 OK for: rolldown@1.0.0-rc.1 want: 1.0.0-rc.1
611 silly placeDep ROOT @rolldown/binding-win32-x64-msvc@1.0.0-rc.1 OK for: rolldown@1.0.0-rc.1 want: 1.0.0-rc.1
612 silly placeDep ROOT @rolldown/pluginutils@1.0.0-rc.1 OK for: rolldown@1.0.0-rc.1 want: 1.0.0-rc.1
613 timing idealTree:node_modules/rolldown Completed in 12ms
614 timing idealTree:node_modules/@oxc-project/types Completed in 0ms
615 timing idealTree:node_modules/@rolldown/binding-android-arm64 Completed in 0ms
616 timing idealTree:node_modules/@rolldown/binding-darwin-arm64 Completed in 0ms
617 timing idealTree:node_modules/@rolldown/binding-darwin-x64 Completed in 0ms
618 timing idealTree:node_modules/@rolldown/binding-freebsd-x64 Completed in 0ms
619 timing idealTree:node_modules/@rolldown/binding-linux-arm-gnueabihf Completed in 0ms
620 timing idealTree:node_modules/@rolldown/binding-linux-arm64-gnu Completed in 0ms
621 timing idealTree:node_modules/@rolldown/binding-linux-arm64-musl Completed in 0ms
622 timing idealTree:node_modules/@rolldown/binding-linux-x64-gnu Completed in 0ms
623 timing idealTree:node_modules/@rolldown/binding-linux-x64-musl Completed in 0ms
624 timing idealTree:node_modules/@rolldown/binding-openharmony-arm64 Completed in 0ms
625 timing idealTree:node_modules/@rolldown/binding-wasm32-wasi Completed in 0ms
626 timing idealTree:node_modules/@rolldown/binding-win32-arm64-msvc Completed in 0ms
627 timing idealTree:node_modules/@rolldown/binding-win32-x64-msvc Completed in 0ms
628 timing idealTree:node_modules/@rolldown/pluginutils Completed in 0ms
629 timing idealTree:node_modules/signal-exit Completed in 0ms
630 silly placeDep ROOT cookie-es@2.0.1 OK for: srvx@0.8.9 want: ^2.0.0
631 timing idealTree:node_modules/srvx Completed in 1ms
632 timing idealTree:node_modules/cookie-es Completed in 0ms
633 timing idealTree:node_modules/throttleit Completed in 0ms
634 silly placeDep ROOT convert-hrtime@3.0.0 OK for: time-span@4.0.0 want: ^3.0.0
635 timing idealTree:node_modules/time-span Completed in 1ms
636 timing idealTree:node_modules/convert-hrtime Completed in 0ms
637 silly placeDep ROOT fsevents@2.3.3 OK for: tsx@4.21.0 want: ~2.3.3
638 silly placeDep ROOT get-tsconfig@4.14.0 OK for: tsx@4.21.0 want: ^4.7.5
639 silly fetch manifest resolve-pkg-maps@^1.0.0
640 http fetch GET 200 https://registry.npmjs.org/resolve-pkg-maps 30ms (cache revalidated)
641 timing idealTree:node_modules/tsx Completed in 32ms
642 timing idealTree:node_modules/fsevents Completed in 0ms
643 silly placeDep ROOT resolve-pkg-maps@1.0.0 OK for: get-tsconfig@4.14.0 want: ^1.0.0
644 timing idealTree:node_modules/get-tsconfig Completed in 2ms
645 timing idealTree:node_modules/resolve-pkg-maps Completed in 0ms
646 timing idealTree:node_modules/typescript Completed in 0ms
647 timing idealTree:node_modules/undici Completed in 0ms
648 timing idealTree:node_modules/undici-types Completed in 0ms
649 timing idealTree:node_modules/universalify Completed in 0ms
650 timing idealTree:node_modules/web-vitals Completed in 0ms
651 timing idealTree:node_modules/xdg-app-paths Completed in 0ms
652 timing idealTree:node_modules/@vercel/backends/node_modules/zod Completed in 0ms
653 timing idealTree:node_modules/@vercel/express/node_modules/zod Completed in 0ms
654 timing idealTree:node_modules/@vercel/hono/node_modules/zod Completed in 0ms
655 timing idealTree:node_modules/@vercel/node/node_modules/async-listen Completed in 0ms
656 timing idealTree:node_modules/@vercel/node/node_modules/es-module-lexer Completed in 0ms
657 timing idealTree:node_modules/@vercel/node/node_modules/node-fetch Completed in 0ms
658 timing idealTree:node_modules/@vercel/node/node_modules/path-to-regexp Completed in 0ms
659 silly placeDep ROOT @fastify/busboy@2.1.1 OK for: undici@5.28.4 want: ^2.0.0
660 timing idealTree:node_modules/@vercel/node/node_modules/undici Completed in 1ms
661 timing idealTree:node_modules/@fastify/busboy Completed in 0ms
662 timing idealTree:node_modules/@vercel/python-analysis/node_modules/fs-extra Completed in 0ms
663 timing idealTree:node_modules/@vercel/python-analysis/node_modules/zod Completed in 0ms
664 timing idealTree:node_modules/@vercel/remix-builder/node_modules/path-to-regexp Completed in 0ms
665 timing idealTree:node_modules/edge-runtime/node_modules/async-listen Completed in 0ms
666 timing idealTree:node_modules/execa/node_modules/signal-exit Completed in 0ms
667 timing idealTree:buildDeps Completed in 2000ms
668 timing idealTree:fixDepFlags Completed in 2ms
669 timing idealTree Completed in 2102ms
670 timing reify:loadTrees Completed in 2102ms
671 timing reify:diffTrees Completed in 16ms
672 silly reify mark retired [
672 silly reify   '/opt/data/.npm/_npx/67eb4586ca667318/node_modules/@vercel/backends'
672 silly reify ]
673 silly reify mark retired [ '/opt/data/.npm/_npx/67eb4586ca667318/node_modules/@vercel/blob' ]
674 silly reify mark retired [
674 silly reify   '/opt/data/.npm/_npx/67eb4586ca667318/node_modules/@vercel/build-utils'
674 silly reify ]
675 silly reify mark retired [
675 silly reify   '/opt/data/.npm/_npx/67eb4586ca667318/node_modules/@vercel/cervel',
675 silly reify   '/opt/data/.npm/_npx/67eb4586ca667318/node_modules/.bin/cervel'
675 silly reify ]
676 silly reify mark retired [
676 silly reify   '/opt/data/.npm/_npx/67eb4586ca667318/node_modules/@vercel/cli-config'
676 silly reify ]
677 silly reify mark retired [ '/opt/data/.npm/_npx/67eb4586ca667318/node_modules/@vercel/elysia' ]
678 silly reify mark retired [ '/opt/data/.npm/_npx/67eb4586ca667318/node_modules/@vercel/express' ]
679 silly reify mark retired [ '/opt/data/.npm/_npx/67eb4586ca667318/node_modules/@vercel/fastify' ]
680 silly reify mark retired [
680 silly reify   '/opt/data/.npm/_npx/67eb4586ca667318/node_modules/@vercel/gatsby-plugin-vercel-builder'
680 silly reify ]
681 silly reify mark retired [ '/opt/data/.npm/_npx/67eb4586ca667318/node_modules/@vercel/go' ]
682 silly reify mark retired [ '/opt/data/.npm/_npx/67eb4586ca667318/node_modules/@vercel/h3' ]
683 silly reify mark retired [ '/opt/data/.npm/_npx/67eb4586ca667318/node_modules/@vercel/hono' ]
684 silly reify mark retired [ '/opt/data/.npm/_npx/67eb4586ca667318/node_modules/@vercel/koa' ]
685 silly reify mark retired [ '/opt/data/.npm/_npx/67eb4586ca667318/node_modules/@vercel/nestjs' ]
686 silly reify mark retired [ '/opt/data/.npm/_npx/67eb4586ca667318/node_modules/@vercel/next' ]
687 silly reify mark retired [ '/opt/data/.npm/_npx/67eb4586ca667318/node_modules/@vercel/node' ]
688 silly reify mark retired [ '/opt/data/.npm/_npx/67eb4586ca667318/node_modules/@vercel/python' ]
689 silly reify mark retired [
689 silly reify   '/opt/data/.npm/_npx/67eb4586ca667318/node_modules/@vercel/remix-builder'
689 silly reify ]
690 silly reify mark retired [
690 silly reify   '/opt/data/.npm/_npx/67eb4586ca667318/node_modules/@vercel/static-build'
690 silly reify ]
691 silly reify mark retired [
691 silly reify   '/opt/data/.npm/_npx/67eb4586ca667318/node_modules/vercel',
691 silly reify   '/opt/data/.npm/_npx/67eb4586ca667318/node_modules/.bin/vc',
691 silly reify   '/opt/data/.npm/_npx/67eb4586ca667318/node_modules/.bin/vercel'
691 silly reify ]
692 silly reify moves {
692 silly reify   '/opt/data/.npm/_npx/67eb4586ca667318/node_modules/@vercel/backends': '/opt/data/.npm/_npx/67eb4586ca667318/node_modules/@vercel/.backends-KIx3EVt1',
692 silly reify   '/opt/data/.npm/_npx/67eb4586ca667318/node_modules/@vercel/blob': '/opt/data/.npm/_npx/67eb4586ca667318/node_modules/@vercel/.blob-Bdp6XxWN',
692 silly reify   '/opt/data/.npm/_npx/67eb4586ca667318/node_modules/@vercel/build-utils': '/opt/data/.npm/_npx/67eb4586ca667318/node_modules/@vercel/.build-utils-cRJRtxOl',
692 silly reify   '/opt/data/.npm/_npx/67eb4586ca667318/node_modules/@vercel/cervel': '/opt/data/.npm/_npx/67eb4586ca667318/node_modules/@vercel/.cervel-qKJFcyrO',
692 silly reify   '/opt/data/.npm/_npx/67eb4586ca667318/node_modules/.bin/cervel': '/opt/data/.npm/_npx/67eb4586ca667318/node_modules/.bin/.cervel-JFqJbsbq',
692 silly reify   '/opt/data/.npm/_npx/67eb4586ca667318/node_modules/@vercel/cli-config': '/opt/data/.npm/_npx/67eb4586ca667318/node_modules/@vercel/.cli-config-WASpA18s',
692 silly reify   '/opt/data/.npm/_npx/67eb4586ca667318/node_modules/@vercel/elysia': '/opt/data/.npm/_npx/67eb4586ca667318/node_modules/@vercel/.elysia-efYHjhFv',
692 silly reify   '/opt/data/.npm/_npx/67eb4586ca667318/node_modules/@vercel/express': '/opt/data/.npm/_npx/67eb4586ca667318/node_modules/@vercel/.express-UdqVQsVI',
692 silly reify   '/opt/data/.npm/_npx/67eb4586ca667318/node_modules/@vercel/fastify': '/opt/data/.npm/_npx/67eb4586ca667318/node_modules/@vercel/.fastify-A8f96H8w',
692 silly reify   '/opt/data/.npm/_npx/67eb4586ca667318/node_modules/@vercel/gatsby-plugin-vercel-builder': '/opt/data/.npm/_npx/67eb4586ca667318/node_modules/@vercel/.gatsby-plugin-vercel-builder-zT4Occct',
692 silly reify   '/opt/data/.npm/_npx/67eb4586ca667318/node_modules/@vercel/go': '/opt/data/.npm/_npx/67eb4586ca667318/node_modules/@vercel/.go-FflYtqBw',
692 silly reify   '/opt/data/.npm/_npx/67eb4586ca667318/node_modules/@vercel/h3': '/opt/data/.npm/_npx/67eb4586ca667318/node_modules/@vercel/.h3-809AA6iM',
692 silly reify   '/opt/data/.npm/_npx/67eb4586ca667318/node_modules/@vercel/hono': '/opt/data/.npm/_npx/67eb4586ca667318/node_modules/@vercel/.hono-KCri7c9W',
692 silly reify   '/opt/data/.npm/_npx/67eb4586ca667318/node_modules/@vercel/koa': '/opt/data/.npm/_npx/67eb4586ca667318/node_modules/@vercel/.koa-9f5DzPs6',
692 silly reify   '/opt/data/.npm/_npx/67eb4586ca667318/node_modules/@vercel/nestjs': '/opt/data/.npm/_npx/67eb4586ca667318/node_modules/@vercel/.nestjs-ZR00i7ZU',
692 silly reify   '/opt/data/.npm/_npx/67eb4586ca667318/node_modules/@vercel/next': '/opt/data/.npm/_npx/67eb4586ca667318/node_modules/@vercel/.next-nBXbd5VW',
692 silly reify   '/opt/data/.npm/_npx/67eb4586ca667318/node_modules/@vercel/node': '/opt/data/.npm/_npx/67eb4586ca667318/node_modules/@vercel/.node-AOM3SDPO',
692 silly reify   '/opt/data/.npm/_npx/67eb4586ca667318/node_modules/@vercel/python': '/opt/data/.npm/_npx/67eb4586ca667318/node_modules/@vercel/.python-n18EGyYm',
692 silly reify   '/opt/data/.npm/_npx/67eb4586ca667318/node_modules/@vercel/remix-builder': '/opt/data/.npm/_npx/67eb4586ca667318/node_modules/@vercel/.remix-builder-CvcIL4OL',
692 silly reify   '/opt/data/.npm/_npx/67eb4586ca667318/node_modules/@vercel/static-build': '/opt/data/.npm/_npx/67eb4586ca667318/node_modules/@vercel/.static-build-Ig06s9ZW',
692 silly reify   '/opt/data/.npm/_npx/67eb4586ca667318/node_modules/vercel': '/opt/data/.npm/_npx/67eb4586ca667318/node_modules/.vercel-6jMl1CeC',
692 silly reify   '/opt/data/.npm/_npx/67eb4586ca667318/node_modules/.bin/vc': '/opt/data/.npm/_npx/67eb4586ca667318/node_modules/.bin/.vc-oimqELny',
692 silly reify   '/opt/data/.npm/_npx/67eb4586ca667318/node_modules/.bin/vercel': '/opt/data/.npm/_npx/67eb4586ca667318/node_modules/.bin/.vercel-0FcfZojp'
692 silly reify }
693 timing reify:retireShallow Completed in 9ms
694 timing reify:createSparse Completed in 5ms
695 timing reify:loadBundles Completed in 0ms
696 silly audit bulk request {
696 silly audit   '@isaacs/fs-minipass': [ '4.0.1' ],
696 silly audit   '@mapbox/node-pre-gyp': [ '2.0.3' ],
696 silly audit   '@nodelib/fs.scandir': [ '2.1.5' ],
696 silly audit   '@nodelib/fs.stat': [ '2.0.5' ],
696 silly audit   '@nodelib/fs.walk': [ '1.2.8' ],
696 silly audit   '@rollup/pluginutils': [ '5.3.0' ],
696 silly audit   '@tootallnate/once': [ '2.0.0' ],
696 silly audit   '@tootallnate/quickjs-emscripten': [ '0.23.0' ],
696 silly audit   '@ts-morph/common': [ '0.11.1' ],
696 silly audit   minimatch: [ '3.1.5', '10.2.5', '10.1.1' ],
696 silly audit   '@types/estree': [ '1.0.9' ],
696 silly audit   '@types/json-schema': [ '7.0.15' ],
696 silly audit   zod: [ '3.24.4', '4.1.11', '3.22.4' ],
696 silly audit   '@vercel/detect-agent': [ '1.2.3' ],
696 silly audit   '@vercel/fun': [ '1.3.0' ],
696 silly audit   'path-to-regexp': [ '8.2.0', '8.3.0', '6.1.0', '6.3.0' ],
696 silly audit   'xdg-app-paths': [ '5.1.0', '5.5.1' ],
696 silly audit   '@vercel/hydrogen': [ '1.3.7' ],
696 silly audit   '@vercel/nft': [ '1.5.0' ],
696 silly audit   'async-listen': [ '1.2.0', '3.0.0', '3.0.1' ],
696 silly audit   'node-fetch': [ '2.6.7', '2.6.9' ],
696 silly audit   undici: [ '7.25.0', '6.25.0', '5.28.4' ],
696 silly audit   '@vercel/oidc': [ '3.2.0' ],
696 silly audit   '@vercel/prepare-flags-definitions': [ '0.2.1' ],
696 silly audit   '@vercel/redwood': [ '2.4.13' ],
696 silly audit   semver: [ '6.3.1', '7.5.4' ],
696 silly audit   '@vercel/ruby': [ '2.3.2' ],
696 silly audit   '@vercel/rust': [ '1.2.0' ],
696 silly audit   execa: [ '5.1.1', '3.2.0' ],
696 silly audit   'get-stream': [ '6.0.1', '5.2.0' ],
696 silly audit   'human-signals': [ '2.1.0', '1.1.1' ],
696 silly audit   'signal-exit': [ '3.0.7', '4.0.2' ],
696 silly audit   '@vercel/sandbox': [ '1.9.0' ],
696 silly audit   ms: [ '2.1.3', '2.1.2', '2.1.1' ],
696 silly audit   picocolors: [ '1.1.1', '1.0.0' ],
696 silly audit   '@vercel/static-config': [ '3.3.0' ],
696 silly audit   abbrev: [ '3.0.1' ],
696 silly audit   acorn: [ '8.16.0' ],
696 silly audit   'acorn-import-attributes': [ '1.9.5' ],
696 silly audit   'agent-base': [ '7.1.4' ],
696 silly audit   ajv: [ '8.6.3' ],
696 silly audit   'any-promise': [ '1.3.0' ],
696 silly audit   arg: [ '4.1.0' ],
696 silly audit   'ast-types': [ '0.13.4' ],
696 silly audit   'async-retry': [ '1.3.3' ],
696 silly audit   'async-sema': [ '3.1.1' ],
696 silly audit   asynckit: [ '0.4.0' ],
696 silly audit   b4a: [ '1.8.1' ],
696 silly audit   'balanced-match': [ '1.0.2', '4.0.4' ],
696 silly audit   'bare-events': [ '2.8.3' ],
696 silly audit   'basic-ftp': [ '5.3.1' ],
696 silly audit   bindings: [ '1.5.0' ],
696 silly audit   'brace-expansion': [ '1.1.14', '5.0.6' ],
696 silly audit   braces: [ '3.0.3' ],
696 silly audit   'buffer-crc32': [ '0.2.13' ],
696 silly audit   bytes: [ '3.1.0' ],
696 silly audit   'call-bind-apply-helpers': [ '1.0.2' ],
696 silly audit   chokidar: [ '4.0.0' ],
696 silly audit   chownr: [ '3.0.0' ],
696 silly audit   'code-block-writer': [ '10.1.1' ],
696 silly audit   'combined-stream': [ '1.0.8' ],
696 silly audit   'concat-map': [ '0.0.1' ],
696 silly audit   consola: [ '3.4.2' ],
696 silly audit   'content-type': [ '1.0.4' ],
696 silly audit   'cross-spawn': [ '7.0.6' ],
696 silly audit   'data-uri-to-buffer': [ '6.0.2' ],
696 silly audit   debug: [ '4.3.4', '4.4.3' ],
696 silly audit   degenerator: [ '5.0.1' ],
696 silly audit   'delayed-stream': [ '1.0.0' ],
696 silly audit   depd: [ '1.1.2' ],
696 silly audit   'detect-libc': [ '2.1.2' ],
696 silly audit   'dunder-proto': [ '1.0.1' ],
696 silly audit   'end-of-stream': [ '1.1.0', '1.4.5' ],
696 silly audit   'es-define-property': [ '1.0.1' ],
696 silly audit   'es-errors': [ '1.3.0' ],
696 silly audit   'es-object-atoms': [ '1.1.1' ],
696 silly audit   'es-set-tostringtag': [ '2.1.0' ],
696 silly audit   escodegen: [ '2.1.0' ],
696 silly audit   esprima: [ '4.0.1' ],
696 silly audit   estraverse: [ '5.3.0' ],
696 silly audit   'estree-walker': [ '2.0.2' ],
696 silly audit   esutils: [ '2.0.3' ],
696 silly audit   'events-intercept': [ '2.0.0' ],
696 silly audit   'events-universal': [ '1.0.1' ],
696 silly audit   'fast-deep-equal': [ '3.1.3' ],
696 silly audit   'fast-fifo': [ '1.3.2' ],
696 silly audit   'fast-glob': [ '3.3.3' ],
696 silly audit   fastq: [ '1.20.1' ],
696 silly audit   'fd-slicer': [ '1.1.0' ],
696 silly audit   'file-uri-to-path': [ '1.0.0' ],
696 silly audit   'fill-range': [ '7.1.1' ],
696 silly audit   'form-data': [ '4.0.5' ],
696 silly audit   'function-bind': [ '1.1.2' ],
696 silly audit   'generic-pool': [ '3.4.2' ],
696 silly audit   'get-intrinsic': [ '1.3.0' ],
696 silly audit   'get-proto': [ '1.0.1' ],
696 silly audit   'get-uri': [ '6.0.5' ],
696 silly audit   glob: [ '13.0.6' ],
696 silly audit   'glob-parent': [ '5.1.2' ],
696 silly audit   gopd: [ '1.2.0' ],
696 silly audit   'graceful-fs': [ '4.2.11' ],
696 silly audit   'has-symbols': [ '1.1.0' ],
696 silly audit   'has-tostringtag': [ '1.0.2' ],
696 silly audit   hasown: [ '2.0.3' ],
696 silly audit   'http-errors': [ '1.7.3' ],
696 silly audit   'http-proxy-agent': [ '7.0.2' ],
696 silly audit   'https-proxy-agent': [ '7.0.6' ],
696 silly audit   'iconv-lite': [ '0.4.24' ],
696 silly audit   inherits: [ '2.0.4' ],
696 silly audit   'ip-address': [ '10.2.0' ],
696 silly audit   'is-extglob': [ '2.1.1' ],
696 silly audit   'is-glob': [ '4.0.3' ],
696 silly audit   'is-number': [ '7.0.0' ],
696 silly audit   'is-stream': [ '2.0.1' ],
696 silly audit   isexe: [ '2.0.0' ],
696 silly audit   jose: [ '5.9.6' ],
696 silly audit   'json-schema-to-ts': [ '1.6.4' ],
696 silly audit   'json-schema-traverse': [ '1.0.0' ],
696 silly audit   jsonlines: [ '0.1.1' ],
696 silly audit   'lru-cache': [ '11.3.6', '7.18.3', '6.0.0' ],
696 silly audit   luxon: [ '3.7.2' ],
696 silly audit   'math-intrinsics': [ '1.1.0' ],
696 silly audit   'merge-stream': [ '2.0.0' ],
696 silly audit   merge2: [ '1.4.1' ],
696 silly audit   micro: [ '9.3.5-canary.3' ],
696 silly audit   micromatch: [ '4.0.8' ],
696 silly audit   picomatch: [ '2.3.2', '4.0.4' ],
696 silly audit   'mime-db': [ '1.52.0' ],
696 silly audit   'mime-types': [ '2.1.35' ],
696 silly audit   'mimic-fn': [ '2.1.0' ],
696 silly audit   minipass: [ '7.1.3' ],
696 silly audit   minizlib: [ '3.1.0' ],
696 silly audit   mkdirp: [ '1.0.4' ],
696 silly audit   netmask: [ '2.1.1' ],
696 silly audit   'node-gyp-build': [ '4.8.4' ],
696 silly audit   nopt: [ '8.1.0' ],
696 silly audit   'npm-run-path': [ '4.0.1' ],
696 silly audit   once: [ '1.3.3', '1.4.0' ],
696 silly audit   onetime: [ '5.1.2' ],
696 silly audit   'os-paths': [ '4.4.0' ],
696 silly audit   'pac-proxy-agent': [ '7.2.0' ],
696 silly audit   'pac-resolver': [ '7.0.1' ],
696 silly audit   'path-browserify': [ '1.0.1' ],
696 silly audit   'path-key': [ '3.1.1' ],
696 silly audit   'path-scurry': [ '2.0.2' ],
696 silly audit   pend: [ '1.2.0' ],
696 silly audit   promisepipe: [ '3.0.0' ],
696 silly audit   'proxy-agent': [ '6.4.0' ],
696 silly audit   'proxy-from-env': [ '1.1.0' ],
696 silly audit   punycode: [ '2.3.1' ],
696 silly audit   'queue-microtask': [ '1.2.3' ],
696 silly audit   'raw-body': [ '2.4.1' ],
696 silly audit   readdirp: [ '4.1.2' ],
696 silly audit   'require-from-string': [ '2.0.2' ],
696 silly audit   'resolve-from': [ '5.0.0' ],
696 silly audit   retry: [ '0.13.1' ],
696 silly audit   reusify: [ '1.1.0' ],
696 silly audit   'run-parallel': [ '1.2.0' ],
696 silly audit   'safer-buffer': [ '2.1.2' ],
696 silly audit   sandbox: [ '2.5.6' ],
696 silly audit   yallist: [ '4.0.0', '5.0.0' ],
696 silly audit   setprototypeof: [ '1.1.1' ],
696 silly audit   'shebang-command': [ '2.0.0' ],
696 silly audit   'shebang-regex': [ '3.0.0' ],
696 silly audit   'smart-buffer': [ '4.2.0' ],
696 silly audit   'smol-toml': [ '1.5.2' ],
696 silly audit   socks: [ '2.8.9' ],
696 silly audit   'socks-proxy-agent': [ '8.0.5' ],
696 silly audit   'source-map': [ '0.6.1' ],
696 silly audit   'stat-mode': [ '0.3.0' ],
696 silly audit   statuses: [ '1.5.0' ],
696 silly audit   'stream-to-array': [ '2.3.0' ],
696 silly audit   'stream-to-promise': [ '2.2.0' ],
696 silly audit   streamx: [ '2.25.0' ],
696 silly audit   'strip-final-newline': [ '2.0.0' ],
696 silly audit   tar: [ '7.5.7' ],
696 silly audit   'tar-stream': [ '3.1.7' ],
696 silly audit   'text-decoder': [ '1.2.7' ],
696 silly audit   tinyexec: [ '0.3.2' ],
696 silly audit   'to-regex-range': [ '5.0.1' ],
696 silly audit   toidentifier: [ '1.0.0' ],
696 silly audit   tr46: [ '0.0.3' ],
696 silly audit   'tree-kill': [ '1.2.2' ],
696 silly audit   'ts-morph': [ '12.0.0' ],
696 silly audit   'ts-toolbelt': [ '6.15.5' ],
696 silly audit   tslib: [ '2.8.1' ],
696 silly audit   'uid-promise': [ '1.0.0' ],
696 silly audit   unpipe: [ '1.0.0' ],
696 silly audit   'uri-js': [ '4.4.1' ],
696 silly audit   'webidl-conversions': [ '3.0.1' ],
696 silly audit   'whatwg-url': [ '5.0.0' ],
696 silly audit   which: [ '2.0.2' ],
696 silly audit   wrappy: [ '1.0.2' ],
696 silly audit   'xdg-portable': [ '7.3.0' ],
696 silly audit   yauzl: [ '2.10.0' ],
696 silly audit   'yauzl-clone': [ '1.0.4' ],
696 silly audit   'yauzl-promise': [ '2.1.3' ],
696 silly audit   vercel: [ '54.3.0' ],
696 silly audit   '@vercel/backends': [ '0.7.1' ],
696 silly audit   '@vercel/blob': [ '2.4.0' ],
696 silly audit   '@vercel/build-utils': [ '13.26.0' ],
696 silly audit   '@vercel/cli-config': [ '0.1.2' ],
696 silly audit   '@vercel/elysia': [ '0.1.79' ],
696 silly audit   '@vercel/express': [ '0.1.89' ],
696 silly audit   '@vercel/fastify': [ '0.1.82' ],
696 silly audit   '@vercel/go': [ '3.7.1' ],
696 silly audit   '@vercel/h3': [ '0.1.88' ],
696 silly audit   '@vercel/hono': [ '0.2.82' ],
696 silly audit   '@vercel/koa': [ '0.1.62' ],
696 silly audit   '@vercel/nestjs': [ '0.2.83' ],
696 silly audit   '@vercel/next': [ '4.17.3' ],
696 silly audit   '@vercel/node': [ '5.8.3' ],
696 silly audit   '@vercel/python': [ '6.43.0' ],
696 silly audit   '@vercel/remix-builder': [ '5.8.2' ],
696 silly audit   '@vercel/static-build': [ '2.9.29' ],
696 silly audit   esbuild: [ '0.27.0' ],
696 silly audit   'fs-extra': [ '11.1.0', '11.1.1' ],
696 silly audit   'oxc-transform': [ '0.111.0' ],
696 silly audit   'resolve.exports': [ '2.0.3' ],
696 silly audit   rolldown: [ '1.0.0-rc.1' ],
696 silly audit   srvx: [ '0.8.9' ],
696 silly audit   tsx: [ '4.21.0' ],
696 silly audit   'is-buffer': [ '2.0.5' ],
696 silly audit   'is-node-process': [ '1.2.0' ],
696 silly audit   throttleit: [ '2.1.0' ],
696 silly audit   '@vercel/python-analysis': [ '0.11.1' ],
696 silly audit   'cjs-module-lexer': [ '1.2.3' ],
696 silly audit   'es-module-lexer': [ '1.5.0', '1.4.1' ],
696 silly audit   '@vercel/cervel': [ '0.1.6' ],
696 silly audit   '@edge-runtime/node-utils': [ '2.3.0' ],
696 silly audit   '@edge-runtime/primitives': [ '4.1.0' ],
696 silly audit   '@edge-runtime/vm': [ '3.2.0' ],
696 silly audit   '@types/node': [ '20.11.0' ],
696 silly audit   '@vercel/error-utils': [ '2.1.0' ],
696 silly audit   'edge-runtime': [ '2.5.9' ],
696 silly audit   etag: [ '1.8.1' ],
696 silly audit   typescript: [ '5.9.3' ],
696 silly audit   'undici-types': [ '5.26.5' ],
696 silly audit   '@bytecodealliance/preview2-shim': [ '0.17.6' ],
696 silly audit   '@renovatebot/pep440': [ '4.2.1' ],
696 silly audit   'js-yaml': [ '4.1.1' ],
696 silly audit   '@vercel/gatsby-plugin-vercel-analytics': [ '1.0.11' ],
696 silly audit   '@vercel/gatsby-plugin-vercel-builder': [ '2.2.6' ],
696 silly audit   'web-vitals': [ '0.2.4' ],
696 silly audit   '@sinclair/typebox': [ '0.25.24' ],
696 silly audit   '@edge-runtime/format': [ '2.2.1' ],
696 silly audit   '@edge-runtime/ponyfill': [ '2.4.2' ],
696 silly audit   mri: [ '1.2.0' ],
696 silly audit   'pretty-ms': [ '7.0.1' ],
696 silly audit   'time-span': [ '4.0.0' ],
696 silly audit   '@esbuild/aix-ppc64': [ '0.27.0' ],
696 silly audit   '@esbuild/android-arm': [ '0.27.0' ],
696 silly audit   '@esbuild/android-arm64': [ '0.27.0' ],
696 silly audit   '@esbuild/android-x64': [ '0.27.0' ],
696 silly audit   '@esbuild/darwin-arm64': [ '0.27.0' ],
696 silly audit   '@esbuild/darwin-x64': [ '0.27.0' ],
696 silly audit   '@esbuild/freebsd-arm64': [ '0.27.0' ],
696 silly audit   '@esbuild/freebsd-x64': [ '0.27.0' ],
696 silly audit   '@esbuild/linux-arm': [ '0.27.0' ],
696 silly audit   '@esbuild/linux-arm64': [ '0.27.0' ],
696 silly audit   '@esbuild/linux-ia32': [ '0.27.0' ],
696 silly audit   '@esbuild/linux-loong64': [ '0.27.0' ],
696 silly audit   '@esbuild/linux-mips64el': [ '0.27.0' ],
696 silly audit   '@esbuild/linux-ppc64': [ '0.27.0' ],
696 silly audit   '@esbuild/linux-riscv64': [ '0.27.0' ],
696 silly audit   '@esbuild/linux-s390x': [ '0.27.0' ],
696 silly audit   '@esbuild/linux-x64': [ '0.27.0' ],
696 silly audit   '@esbuild/netbsd-arm64': [ '0.27.0' ],
696 silly audit   '@esbuild/netbsd-x64': [ '0.27.0' ],
696 silly audit   '@esbuild/openbsd-arm64': [ '0.27.0' ],
696 silly audit   '@esbuild/openbsd-x64': [ '0.27.0' ],
696 silly audit   '@esbuild/openharmony-arm64': [ '0.27.0' ],
696 silly audit   '@esbuild/sunos-x64': [ '0.27.0' ],
696 silly audit   '@esbuild/win32-arm64': [ '0.27.0' ],
696 silly audit   '@esbuild/win32-ia32': [ '0.27.0' ],
696 silly audit   '@esbuild/win32-x64': [ '0.27.0' ],
696 silly audit   'p-finally': [ '2.0.1' ],
696 silly audit   jsonfile: [ '6.2.1' ],
696 silly audit   universalify: [ '2.0.1' ],
696 silly audit   pump: [ '3.0.4' ],
696 silly audit   argparse: [ '2.0.1' ],
696 silly audit   '@isaacs/brace-expansion': [ '5.0.1' ],
696 silly audit   '@isaacs/balanced-match': [ '4.0.1' ],
696 silly audit   '@oxc-transform/binding-android-arm-eabi': [ '0.111.0' ],
696 silly audit   '@oxc-transform/binding-android-arm64': [ '0.111.0' ],
696 silly audit   '@oxc-transform/binding-darwin-arm64': [ '0.111.0' ],
696 silly audit   '@oxc-transform/binding-darwin-x64': [ '0.111.0' ],
696 silly audit   '@oxc-transform/binding-freebsd-x64': [ '0.111.0' ],
696 silly audit   '@oxc-transform/binding-linux-arm-gnueabihf': [ '0.111.0' ],
696 silly audit   '@oxc-transform/binding-linux-arm-musleabihf': [ '0.111.0' ],
696 silly audit   '@oxc-transform/binding-linux-arm64-gnu': [ '0.111.0' ],
696 silly audit   '@oxc-transform/binding-linux-arm64-musl': [ '0.111.0' ],
696 silly audit   '@oxc-transform/binding-linux-ppc64-gnu': [ '0.111.0' ],
696 silly audit   '@oxc-transform/binding-linux-riscv64-gnu': [ '0.111.0' ],
696 silly audit   '@oxc-transform/binding-linux-riscv64-musl': [ '0.111.0' ],
696 silly audit   '@oxc-transform/binding-linux-s390x-gnu': [ '0.111.0' ],
696 silly audit   '@oxc-transform/binding-linux-x64-gnu': [ '0.111.0' ],
696 silly audit   '@oxc-transform/binding-linux-x64-musl': [ '0.111.0' ],
696 silly audit   '@oxc-transform/binding-openharmony-arm64': [ '0.111.0' ],
696 silly audit   '@oxc-transform/binding-wasm32-wasi': [ '0.111.0' ],
696 silly audit   '@oxc-transform/binding-win32-arm64-msvc': [ '0.111.0' ],
696 silly audit   '@oxc-transform/binding-win32-ia32-msvc': [ '0.111.0' ],
696 silly audit   '@oxc-transform/binding-win32-x64-msvc': [ '0.111.0' ],
696 silly audit   '@napi-rs/wasm-runtime': [ '1.1.4' ],
696 silly audit   '@emnapi/core': [ '1.10.0' ],
696 silly audit   '@emnapi/runtime': [ '1.10.0' ],
696 silly audit   '@emnapi/wasi-threads': [ '1.2.1' ],
696 silly audit   '@tybys/wasm-util': [ '0.10.2' ],
696 silly audit   'parse-ms': [ '2.1.0' ],
696 silly audit   '@oxc-project/types': [ '0.110.0' ],
696 silly audit   '@rolldown/binding-android-arm64': [ '1.0.0-rc.1' ],
696 silly audit   '@rolldown/binding-darwin-arm64': [ '1.0.0-rc.1' ],
696 silly audit   '@rolldown/binding-darwin-x64': [ '1.0.0-rc.1' ],
696 silly audit   '@rolldown/binding-freebsd-x64': [ '1.0.0-rc.1' ],
696 silly audit   '@rolldown/binding-linux-arm-gnueabihf': [ '1.0.0-rc.1' ],
696 silly audit   '@rolldown/binding-linux-arm64-gnu': [ '1.0.0-rc.1' ],
696 silly audit   '@rolldown/binding-linux-arm64-musl': [ '1.0.0-rc.1' ],
696 silly audit   '@rolldown/binding-linux-x64-gnu': [ '1.0.0-rc.1' ],
696 silly audit   '@rolldown/binding-linux-x64-musl': [ '1.0.0-rc.1' ],
696 silly audit   '@rolldown/binding-openharmony-arm64': [ '1.0.0-rc.1' ],
696 silly audit   '@rolldown/binding-wasm32-wasi': [ '1.0.0-rc.1' ],
696 silly audit   '@rolldown/binding-win32-arm64-msvc': [ '1.0.0-rc.1' ],
696 silly audit   '@rolldown/binding-win32-x64-msvc': [ '1.0.0-rc.1' ],
696 silly audit   '@rolldown/pluginutils': [ '1.0.0-rc.1' ],
696 silly audit   'cookie-es': [ '2.0.1' ],
696 silly audit   'convert-hrtime': [ '3.0.0' ],
696 silly audit   fsevents: [ '2.3.3' ],
696 silly audit   'get-tsconfig': [ '4.14.0' ],
696 silly audit   'resolve-pkg-maps': [ '1.0.0' ],
696 silly audit   '@fastify/busboy': [ '2.1.1' ]
696 silly audit }
697 verbose reify failed optional dependency /opt/data/.npm/_npx/67eb4586ca667318/node_modules/fsevents
698 silly reify mark deleted [ '/opt/data/.npm/_npx/67eb4586ca667318/node_modules/fsevents' ]
699 verbose reify failed optional dependency /opt/data/.npm/_npx/67eb4586ca667318/node_modules/@rolldown/binding-win32-x64-msvc
700 silly reify mark deleted [
700 silly reify   '/opt/data/.npm/_npx/67eb4586ca667318/node_modules/@rolldown/binding-win32-x64-msvc'
700 silly reify ]
701 verbose reify failed optional dependency /opt/data/.npm/_npx/67eb4586ca667318/node_modules/@rolldown/binding-win32-arm64-msvc
702 silly reify mark deleted [
702 silly reify   '/opt/data/.npm/_npx/67eb4586ca667318/node_modules/@rolldown/binding-win32-arm64-msvc'
702 silly reify ]
703 verbose reify failed optional dependency /opt/data/.npm/_npx/67eb4586ca667318/node_modules/@rolldown/binding-wasm32-wasi
704 silly reify mark deleted [
704 silly reify   '/opt/data/.npm/_npx/67eb4586ca667318/node_modules/@rolldown/binding-wasm32-wasi'
704 silly reify ]
705 verbose reify failed optional dependency /opt/data/.npm/_npx/67eb4586ca667318/node_modules/@rolldown/binding-openharmony-arm64
706 silly reify mark deleted [
706 silly reify   '/opt/data/.npm/_npx/67eb4586ca667318/node_modules/@rolldown/binding-openharmony-arm64'
706 silly reify ]
707 verbose reify failed optional dependency /opt/data/.npm/_npx/67eb4586ca667318/node_modules/@rolldown/binding-linux-arm64-musl
708 silly reify mark deleted [
708 silly reify   '/opt/data/.npm/_npx/67eb4586ca667318/node_modules/@rolldown/binding-linux-arm64-musl'
708 silly reify ]
709 verbose reify failed optional dependency /opt/data/.npm/_npx/67eb4586ca667318/node_modules/@rolldown/binding-linux-arm64-gnu
710 silly reify mark deleted [
710 silly reify   '/opt/data/.npm/_npx/67eb4586ca667318/node_modules/@rolldown/binding-linux-arm64-gnu'
710 silly reify ]
711 verbose reify failed optional dependency /opt/data/.npm/_npx/67eb4586ca667318/node_modules/@rolldown/binding-linux-arm-gnueabihf
712 silly reify mark deleted [
712 silly reify   '/opt/data/.npm/_npx/67eb4586ca667318/node_modules/@rolldown/binding-linux-arm-gnueabihf'
712 silly reify ]
713 verbose reify failed optional dependency /opt/data/.npm/_npx/67eb4586ca667318/node_modules/@rolldown/binding-freebsd-x64
714 silly reify mark deleted [
714 silly reify   '/opt/data/.npm/_npx/67eb4586ca667318/node_modules/@rolldown/binding-freebsd-x64'
714 silly reify ]
715 verbose reify failed optional dependency /opt/data/.npm/_npx/67eb4586ca667318/node_modules/@rolldown/binding-darwin-x64
716 silly reify mark deleted [
716 silly reify   '/opt/data/.npm/_npx/67eb4586ca667318/node_modules/@rolldown/binding-darwin-x64'
716 silly reify ]
717 verbose reify failed optional dependency /opt/data/.npm/_npx/67eb4586ca667318/node_modules/@rolldown/binding-darwin-arm64
718 silly reify mark deleted [
718 silly reify   '/opt/data/.npm/_npx/67eb4586ca667318/node_modules/@rolldown/binding-darwin-arm64'
718 silly reify ]
719 verbose reify failed optional dependency /opt/data/.npm/_npx/67eb4586ca667318/node_modules/@rolldown/binding-android-arm64
720 silly reify mark deleted [
720 silly reify   '/opt/data/.npm/_npx/67eb4586ca667318/node_modules/@rolldown/binding-android-arm64'
720 silly reify ]
721 verbose reify failed optional dependency /opt/data/.npm/_npx/67eb4586ca667318/node_modules/@oxc-transform/binding-win32-x64-msvc
722 silly reify mark deleted [
722 silly reify   '/opt/data/.npm/_npx/67eb4586ca667318/node_modules/@oxc-transform/binding-win32-x64-msvc'
722 silly reify ]
723 verbose reify failed optional dependency /opt/data/.npm/_npx/67eb4586ca667318/node_modules/@oxc-transform/binding-win32-ia32-msvc
724 silly reify mark deleted [
724 silly reify   '/opt/data/.npm/_npx/67eb4586ca667318/node_modules/@oxc-transform/binding-win32-ia32-msvc'
724 silly reify ]
725 verbose reify failed optional dependency /opt/data/.npm/_npx/67eb4586ca667318/node_modules/@oxc-transform/binding-win32-arm64-msvc
726 silly reify mark deleted [
726 silly reify   '/opt/data/.npm/_npx/67eb4586ca667318/node_modules/@oxc-transform/binding-win32-arm64-msvc'
726 silly reify ]
727 verbose reify failed optional dependency /opt/data/.npm/_npx/67eb4586ca667318/node_modules/@oxc-transform/binding-wasm32-wasi
728 silly reify mark deleted [
728 silly reify   '/opt/data/.npm/_npx/67eb4586ca667318/node_modules/@oxc-transform/binding-wasm32-wasi'
728 silly reify ]
729 verbose reify failed optional dependency /opt/data/.npm/_npx/67eb4586ca667318/node_modules/@oxc-transform/binding-openharmony-arm64
730 silly reify mark deleted [
730 silly reify   '/opt/data/.npm/_npx/67eb4586ca667318/node_modules/@oxc-transform/binding-openharmony-arm64'
730 silly reify ]
731 verbose reify failed optional dependency /opt/data/.npm/_npx/67eb4586ca667318/node_modules/@oxc-transform/binding-linux-s390x-gnu
732 silly reify mark deleted [
732 silly reify   '/opt/data/.npm/_npx/67eb4586ca667318/node_modules/@oxc-transform/binding-linux-s390x-gnu'
732 silly reify ]
733 verbose reify failed optional dependency /opt/data/.npm/_npx/67eb4586ca667318/node_modules/@oxc-transform/binding-linux-riscv64-musl
734 silly reify mark deleted [
734 silly reify   '/opt/data/.npm/_npx/67eb4586ca667318/node_modules/@oxc-transform/binding-linux-riscv64-musl'
734 silly reify ]
735 verbose reify failed optional dependency /opt/data/.npm/_npx/67eb4586ca667318/node_modules/@oxc-transform/binding-linux-riscv64-gnu
736 silly reify mark deleted [
736 silly reify   '/opt/data/.npm/_npx/67eb4586ca667318/node_modules/@oxc-transform/binding-linux-riscv64-gnu'
736 silly reify ]
737 verbose reify failed optional dependency /opt/data/.npm/_npx/67eb4586ca667318/node_modules/@oxc-transform/binding-linux-ppc64-gnu
738 silly reify mark deleted [
738 silly reify   '/opt/data/.npm/_npx/67eb4586ca667318/node_modules/@oxc-transform/binding-linux-ppc64-gnu'
738 silly reify ]
739 verbose reify failed optional dependency /opt/data/.npm/_npx/67eb4586ca667318/node_modules/@oxc-transform/binding-linux-arm64-musl
740 silly reify mark deleted [
740 silly reify   '/opt/data/.npm/_npx/67eb4586ca667318/node_modules/@oxc-transform/binding-linux-arm64-musl'
740 silly reify ]
741 verbose reify failed optional dependency /opt/data/.npm/_npx/67eb4586ca667318/node_modules/@oxc-transform/binding-linux-arm64-gnu
742 silly reify mark deleted [
742 silly reify   '/opt/data/.npm/_npx/67eb4586ca667318/node_modules/@oxc-transform/binding-linux-arm64-gnu'
742 silly reify ]
743 verbose reify failed optional dependency /opt/data/.npm/_npx/67eb4586ca667318/node_modules/@oxc-transform/binding-linux-arm-musleabihf
744 silly reify mark deleted [
744 silly reify   '/opt/data/.npm/_npx/67eb4586ca667318/node_modules/@oxc-transform/binding-linux-arm-musleabihf'
744 silly reify ]
745 verbose reify failed optional dependency /opt/data/.npm/_npx/67eb4586ca667318/node_modules/@oxc-transform/binding-linux-arm-gnueabihf
746 silly reify mark deleted [
746 silly reify   '/opt/data/.npm/_npx/67eb4586ca667318/node_modules/@oxc-transform/binding-linux-arm-gnueabihf'
746 silly reify ]
747 verbose reify failed optional dependency /opt/data/.npm/_npx/67eb4586ca667318/node_modules/@oxc-transform/binding-freebsd-x64
748 silly reify mark deleted [
748 silly reify   '/opt/data/.npm/_npx/67eb4586ca667318/node_modules/@oxc-transform/binding-freebsd-x64'
748 silly reify ]
749 verbose reify failed optional dependency /opt/data/.npm/_npx/67eb4586ca667318/node_modules/@oxc-transform/binding-darwin-x64
750 silly reify mark deleted [
750 silly reify   '/opt/data/.npm/_npx/67eb4586ca667318/node_modules/@oxc-transform/binding-darwin-x64'
750 silly reify ]
751 verbose reify failed optional dependency /opt/data/.npm/_npx/67eb4586ca667318/node_modules/@oxc-transform/binding-darwin-arm64
752 silly reify mark deleted [
752 silly reify   '/opt/data/.npm/_npx/67eb4586ca667318/node_modules/@oxc-transform/binding-darwin-arm64'
752 silly reify ]
753 verbose reify failed optional dependency /opt/data/.npm/_npx/67eb4586ca667318/node_modules/@oxc-transform/binding-android-arm64
754 silly reify mark deleted [
754 silly reify   '/opt/data/.npm/_npx/67eb4586ca667318/node_modules/@oxc-transform/binding-android-arm64'
754 silly reify ]
755 verbose reify failed optional dependency /opt/data/.npm/_npx/67eb4586ca667318/node_modules/@oxc-transform/binding-android-arm-eabi
756 silly reify mark deleted [
756 silly reify   '/opt/data/.npm/_npx/67eb4586ca667318/node_modules/@oxc-transform/binding-android-arm-eabi'
756 silly reify ]
757 verbose reify failed optional dependency /opt/data/.npm/_npx/67eb4586ca667318/node_modules/@esbuild/win32-x64
758 silly reify mark deleted [
758 silly reify   '/opt/data/.npm/_npx/67eb4586ca667318/node_modules/@esbuild/win32-x64'
758 silly reify ]
759 verbose reify failed optional dependency /opt/data/.npm/_npx/67eb4586ca667318/node_modules/@esbuild/win32-ia32
760 silly reify mark deleted [
760 silly reify   '/opt/data/.npm/_npx/67eb4586ca667318/node_modules/@esbuild/win32-ia32'
760 silly reify ]
761 verbose reify failed optional dependency /opt/data/.npm/_npx/67eb4586ca667318/node_modules/@esbuild/win32-arm64
762 silly reify mark deleted [
762 silly reify   '/opt/data/.npm/_npx/67eb4586ca667318/node_modules/@esbuild/win32-arm64'
762 silly reify ]
763 verbose reify failed optional dependency /opt/data/.npm/_npx/67eb4586ca667318/node_modules/@esbuild/sunos-x64
764 silly reify mark deleted [
764 silly reify   '/opt/data/.npm/_npx/67eb4586ca667318/node_modules/@esbuild/sunos-x64'
764 silly reify ]
765 verbose reify failed optional dependency /opt/data/.npm/_npx/67eb4586ca667318/node_modules/@esbuild/openharmony-arm64
766 silly reify mark deleted [
766 silly reify   '/opt/data/.npm/_npx/67eb4586ca667318/node_modules/@esbuild/openharmony-arm64'
766 silly reify ]
767 verbose reify failed optional dependency /opt/data/.npm/_npx/67eb4586ca667318/node_modules/@esbuild/openbsd-x64
768 silly reify mark deleted [
768 silly reify   '/opt/data/.npm/_npx/67eb4586ca667318/node_modules/@esbuild/openbsd-x64'
768 silly reify ]
769 verbose reify failed optional dependency /opt/data/.npm/_npx/67eb4586ca667318/node_modules/@esbuild/openbsd-arm64
770 silly reify mark deleted [
770 silly reify   '/opt/data/.npm/_npx/67eb4586ca667318/node_modules/@esbuild/openbsd-arm64'
770 silly reify ]
771 verbose reify failed optional dependency /opt/data/.npm/_npx/67eb4586ca667318/node_modules/@esbuild/netbsd-x64
772 silly reify mark deleted [
772 silly reify   '/opt/data/.npm/_npx/67eb4586ca667318/node_modules/@esbuild/netbsd-x64'
772 silly reify ]
773 verbose reify failed optional dependency /opt/data/.npm/_npx/67eb4586ca667318/node_modules/@esbuild/netbsd-arm64
774 silly reify mark deleted [
774 silly reify   '/opt/data/.npm/_npx/67eb4586ca667318/node_modules/@esbuild/netbsd-arm64'
774 silly reify ]
775 verbose reify failed optional dependency /opt/data/.npm/_npx/67eb4586ca667318/node_modules/@esbuild/linux-s390x
776 silly reify mark deleted [
776 silly reify   '/opt/data/.npm/_npx/67eb4586ca667318/node_modules/@esbuild/linux-s390x'
776 silly reify ]
777 verbose reify failed optional dependency /opt/data/.npm/_npx/67eb4586ca667318/node_modules/@esbuild/linux-riscv64
778 silly reify mark deleted [
778 silly reify   '/opt/data/.npm/_npx/67eb4586ca667318/node_modules/@esbuild/linux-riscv64'
778 silly reify ]
779 verbose reify failed optional dependency /opt/data/.npm/_npx/67eb4586ca667318/node_modules/@esbuild/linux-ppc64
780 silly reify mark deleted [
780 silly reify   '/opt/data/.npm/_npx/67eb4586ca667318/node_modules/@esbuild/linux-ppc64'
780 silly reify ]
781 verbose reify failed optional dependency /opt/data/.npm/_npx/67eb4586ca667318/node_modules/@esbuild/linux-mips64el
782 silly reify mark deleted [
782 silly reify   '/opt/data/.npm/_npx/67eb4586ca667318/node_modules/@esbuild/linux-mips64el'
782 silly reify ]
783 verbose reify failed optional dependency /opt/data/.npm/_npx/67eb4586ca667318/node_modules/@esbuild/linux-loong64
784 silly reify mark deleted [
784 silly reify   '/opt/data/.npm/_npx/67eb4586ca667318/node_modules/@esbuild/linux-loong64'
784 silly reify ]
785 verbose reify failed optional dependency /opt/data/.npm/_npx/67eb4586ca667318/node_modules/@esbuild/linux-ia32
786 silly reify mark deleted [
786 silly reify   '/opt/data/.npm/_npx/67eb4586ca667318/node_modules/@esbuild/linux-ia32'
786 silly reify ]
787 verbose reify failed optional dependency /opt/data/.npm/_npx/67eb4586ca667318/node_modules/@esbuild/linux-arm64
788 silly reify mark deleted [
788 silly reify   '/opt/data/.npm/_npx/67eb4586ca667318/node_modules/@esbuild/linux-arm64'
788 silly reify ]
789 verbose reify failed optional dependency /opt/data/.npm/_npx/67eb4586ca667318/node_modules/@esbuild/linux-arm
790 silly reify mark deleted [
790 silly reify   '/opt/data/.npm/_npx/67eb4586ca667318/node_modules/@esbuild/linux-arm'
790 silly reify ]
791 verbose reify failed optional dependency /opt/data/.npm/_npx/67eb4586ca667318/node_modules/@esbuild/freebsd-x64
792 silly reify mark deleted [
792 silly reify   '/opt/data/.npm/_npx/67eb4586ca667318/node_modules/@esbuild/freebsd-x64'
792 silly reify ]
793 verbose reify failed optional dependency /opt/data/.npm/_npx/67eb4586ca667318/node_modules/@esbuild/freebsd-arm64
794 silly reify mark deleted [
794 silly reify   '/opt/data/.npm/_npx/67eb4586ca667318/node_modules/@esbuild/freebsd-arm64'
794 silly reify ]
795 verbose reify failed optional dependency /opt/data/.npm/_npx/67eb4586ca667318/node_modules/@esbuild/darwin-x64
796 silly reify mark deleted [
796 silly reify   '/opt/data/.npm/_npx/67eb4586ca667318/node_modules/@esbuild/darwin-x64'
796 silly reify ]
797 verbose reify failed optional dependency /opt/data/.npm/_npx/67eb4586ca667318/node_modules/@esbuild/darwin-arm64
798 silly reify mark deleted [
798 silly reify   '/opt/data/.npm/_npx/67eb4586ca667318/node_modules/@esbuild/darwin-arm64'
798 silly reify ]
799 verbose reify failed optional dependency /opt/data/.npm/_npx/67eb4586ca667318/node_modules/@esbuild/android-x64
800 silly reify mark deleted [
800 silly reify   '/opt/data/.npm/_npx/67eb4586ca667318/node_modules/@esbuild/android-x64'
800 silly reify ]
801 verbose reify failed optional dependency /opt/data/.npm/_npx/67eb4586ca667318/node_modules/@esbuild/android-arm64
802 silly reify mark deleted [
802 silly reify   '/opt/data/.npm/_npx/67eb4586ca667318/node_modules/@esbuild/android-arm64'
802 silly reify ]
803 verbose reify failed optional dependency /opt/data/.npm/_npx/67eb4586ca667318/node_modules/@esbuild/android-arm
804 silly reify mark deleted [
804 silly reify   '/opt/data/.npm/_npx/67eb4586ca667318/node_modules/@esbuild/android-arm'
804 silly reify ]
805 verbose reify failed optional dependency /opt/data/.npm/_npx/67eb4586ca667318/node_modules/@esbuild/aix-ppc64
806 silly reify mark deleted [
806 silly reify   '/opt/data/.npm/_npx/67eb4586ca667318/node_modules/@esbuild/aix-ppc64'
806 silly reify ]
807 timing reifyNode:node_modules/fsevents Completed in 9ms
808 timing reifyNode:node_modules/@rolldown/binding-win32-x64-msvc Completed in 9ms
809 timing reifyNode:node_modules/@rolldown/binding-win32-arm64-msvc Completed in 9ms
810 timing reifyNode:node_modules/@rolldown/binding-wasm32-wasi Completed in 9ms
811 timing reifyNode:node_modules/@rolldown/binding-openharmony-arm64 Completed in 9ms
812 timing reifyNode:node_modules/@rolldown/binding-linux-arm64-musl Completed in 9ms
813 timing reifyNode:node_modules/@rolldown/binding-linux-arm64-gnu Completed in 9ms
814 timing reifyNode:node_modules/@rolldown/binding-linux-arm-gnueabihf Completed in 9ms
815 timing reifyNode:node_modules/@rolldown/binding-freebsd-x64 Completed in 9ms
816 timing reifyNode:node_modules/@rolldown/binding-darwin-x64 Completed in 9ms
817 timing reifyNode:node_modules/@rolldown/binding-darwin-arm64 Completed in 9ms
818 timing reifyNode:node_modules/@rolldown/binding-android-arm64 Completed in 9ms
819 timing reifyNode:node_modules/@oxc-transform/binding-win32-x64-msvc Completed in 9ms
820 timing reifyNode:node_modules/@oxc-transform/binding-win32-ia32-msvc Completed in 9ms
821 timing reifyNode:node_modules/@oxc-transform/binding-win32-arm64-msvc Completed in 9ms
822 timing reifyNode:node_modules/@oxc-transform/binding-wasm32-wasi Completed in 9ms
823 timing reifyNode:node_modules/@oxc-transform/binding-openharmony-arm64 Completed in 9ms
824 timing reifyNode:node_modules/@oxc-transform/binding-linux-s390x-gnu Completed in 9ms
825 timing reifyNode:node_modules/@oxc-transform/binding-linux-riscv64-musl Completed in 9ms
826 timing reifyNode:node_modules/@oxc-transform/binding-linux-riscv64-gnu Completed in 9ms
827 timing reifyNode:node_modules/@oxc-transform/binding-linux-ppc64-gnu Completed in 8ms
828 timing reifyNode:node_modules/@oxc-transform/binding-linux-arm64-musl Completed in 8ms
829 timing reifyNode:node_modules/@oxc-transform/binding-linux-arm64-gnu Completed in 8ms
830 timing reifyNode:node_modules/@oxc-transform/binding-linux-arm-musleabihf Completed in 8ms
831 timing reifyNode:node_modules/@oxc-transform/binding-linux-arm-gnueabihf Completed in 8ms
832 timing reifyNode:node_modules/@oxc-transform/binding-freebsd-x64 Completed in 8ms
833 timing reifyNode:node_modules/@oxc-transform/binding-darwin-x64 Completed in 8ms
834 timing reifyNode:node_modules/@oxc-transform/binding-darwin-arm64 Completed in 8ms
835 timing reifyNode:node_modules/@oxc-transform/binding-android-arm64 Completed in 8ms
836 timing reifyNode:node_modules/@oxc-transform/binding-android-arm-eabi Completed in 8ms
837 timing reifyNode:node_modules/@esbuild/win32-x64 Completed in 8ms
838 timing reifyNode:node_modules/@esbuild/win32-ia32 Completed in 8ms
839 timing reifyNode:node_modules/@esbuild/win32-arm64 Completed in 8ms
840 timing reifyNode:node_modules/@esbuild/sunos-x64 Completed in 8ms
841 timing reifyNode:node_modules/@esbuild/openharmony-arm64 Completed in 8ms
842 timing reifyNode:node_modules/@esbuild/openbsd-x64 Completed in 8ms
843 timing reifyNode:node_modules/@esbuild/openbsd-arm64 Completed in 8ms
844 timing reifyNode:node_modules/@esbuild/netbsd-x64 Completed in 8ms
845 timing reifyNode:node_modules/@esbuild/netbsd-arm64 Completed in 8ms
846 timing reifyNode:node_modules/@esbuild/linux-s390x Completed in 8ms
847 timing reifyNode:node_modules/@esbuild/linux-riscv64 Completed in 8ms
848 timing reifyNode:node_modules/@esbuild/linux-ppc64 Completed in 8ms
849 timing reifyNode:node_modules/@esbuild/linux-mips64el Completed in 9ms
850 timing reifyNode:node_modules/@esbuild/linux-loong64 Completed in 9ms
851 timing reifyNode:node_modules/@esbuild/linux-ia32 Completed in 9ms
852 timing reifyNode:node_modules/@esbuild/linux-arm64 Completed in 9ms
853 timing reifyNode:node_modules/@esbuild/linux-arm Completed in 9ms
854 timing reifyNode:node_modules/@esbuild/freebsd-x64 Completed in 9ms
855 timing reifyNode:node_modules/@esbuild/freebsd-arm64 Completed in 9ms
856 timing reifyNode:node_modules/@esbuild/darwin-x64 Completed in 9ms
857 timing reifyNode:node_modules/@esbuild/darwin-arm64 Completed in 9ms
858 timing reifyNode:node_modules/@esbuild/android-x64 Completed in 9ms
859 timing reifyNode:node_modules/@esbuild/android-arm64 Completed in 9ms
860 timing reifyNode:node_modules/@esbuild/android-arm Completed in 9ms
861 timing reifyNode:node_modules/@esbuild/aix-ppc64 Completed in 9ms
862 silly tarball no local data for vercel@https://registry.npmjs.org/vercel/-/vercel-54.3.0.tgz. Extracting by manifest.
863 silly tarball no local data for @vercel/node@https://registry.npmjs.org/@vercel/node/-/node-5.8.3.tgz. Extracting by manifest.
864 silly tarball no local data for @vercel/remix-builder@https://registry.npmjs.org/@vercel/remix-builder/-/remix-builder-5.8.2.tgz. Extracting by manifest.
865 silly tarball no local data for @vercel/python@https://registry.npmjs.org/@vercel/python/-/python-6.43.0.tgz. Extracting by manifest.
866 silly tarball no local data for @vercel/next@https://registry.npmjs.org/@vercel/next/-/next-4.17.3.tgz. Extracting by manifest.
867 silly tarball no local data for @vercel/nestjs@https://registry.npmjs.org/@vercel/nestjs/-/nestjs-0.2.83.tgz. Extracting by manifest.
868 silly tarball no local data for @vercel/hono@https://registry.npmjs.org/@vercel/hono/-/hono-0.2.82.tgz. Extracting by manifest.
869 silly tarball no local data for @vercel/koa@https://registry.npmjs.org/@vercel/koa/-/koa-0.1.62.tgz. Extracting by manifest.
870 silly tarball no local data for @vercel/h3@https://registry.npmjs.org/@vercel/h3/-/h3-0.1.88.tgz. Extracting by manifest.
871 silly tarball no local data for @vercel/static-build@https://registry.npmjs.org/@vercel/static-build/-/static-build-2.9.29.tgz. Extracting by manifest.
872 silly tarball no local data for @vercel/gatsby-plugin-vercel-builder@https://registry.npmjs.org/@vercel/gatsby-plugin-vercel-builder/-/gatsby-plugin-vercel-builder-2.2.6.tgz. Extracting by manifest.
873 silly tarball no local data for @vercel/fastify@https://registry.npmjs.org/@vercel/fastify/-/fastify-0.1.82.tgz. Extracting by manifest.
874 silly tarball no local data for @vercel/express@https://registry.npmjs.org/@vercel/express/-/express-0.1.89.tgz. Extracting by manifest.
875 silly tarball no local data for @vercel/elysia@https://registry.npmjs.org/@vercel/elysia/-/elysia-0.1.79.tgz. Extracting by manifest.
876 silly tarball no local data for @vercel/cli-config@https://registry.npmjs.org/@vercel/cli-config/-/cli-config-0.1.2.tgz. Extracting by manifest.
877 silly tarball no local data for @vercel/blob@https://registry.npmjs.org/@vercel/blob/-/blob-2.4.0.tgz. Extracting by manifest.
878 silly tarball no local data for @vercel/cervel@https://registry.npmjs.org/@vercel/cervel/-/cervel-0.1.6.tgz. Extracting by manifest.
879 silly tarball no local data for @vercel/build-utils@https://registry.npmjs.org/@vercel/build-utils/-/build-utils-13.26.0.tgz. Extracting by manifest.
880 silly tarball no local data for @vercel/backends@https://registry.npmjs.org/@vercel/backends/-/backends-0.7.1.tgz. Extracting by manifest.
881 silly tarball no local data for @vercel/go@https://registry.npmjs.org/@vercel/go/-/go-3.7.1.tgz. Extracting by manifest.
882 http fetch POST 200 https://registry.npmjs.org/-/npm/v1/security/advisories/bulk 119ms
883 timing auditReport:getReport Completed in 123ms
884 silly audit report {
884 silly audit report   '@tootallnate/once': [
884 silly audit report     {
884 silly audit report       id: 1113977,
884 silly audit report       url: 'https://github.com/advisories/GHSA-vpq2-c234-7xj6',
884 silly audit report       title: '@tootallnate/once vulnerable to Incorrect Control Flow Scoping',
884 silly audit report       severity: 'low',
884 silly audit report       vulnerable_versions: '<3.0.1',
884 silly audit report       cwe: [Array],
884 silly audit report       cvss: [Object]
884 silly audit report     }
884 silly audit report   ],
884 silly audit report   minimatch: [
884 silly audit report     {
884 silly audit report       id: 1113466,
884 silly audit report       url: 'https://github.com/advisories/GHSA-3ppc-4f35-3m26',
884 silly audit report       title: 'minimatch has a ReDoS via repeated wildcards with non-matching literal in pattern',
884 silly audit report       severity: 'high',
884 silly audit report       vulnerable_versions: '>=10.0.0 <10.2.1',
884 silly audit report       cwe: [Array],
884 silly audit report       cvss: [Object]
884 silly audit report     },
884 silly audit report     {
884 silly audit report       id: 1113545,
884 silly audit report       url: 'https://github.com/advisories/GHSA-7r86-cg39-jmmj',
884 silly audit report       title: 'minimatch has ReDoS: matchOne() combinatorial backtracking via multiple non-adjacent GLOBSTAR segments',
884 silly audit report       severity: 'high',
884 silly audit report       vulnerable_versions: '>=10.0.0 <10.2.3',
884 silly audit report       cwe: [Array],
884 silly audit report       cvss: [Object]
884 silly audit report     },
884 silly audit report     {
884 silly audit report       id: 1113553,
884 silly audit report       url: 'https://github.com/advisories/GHSA-23c5-xmqv-rm74',
884 silly audit report       title: 'minimatch ReDoS: nested *() extglobs generate catastrophically backtracking regular expressions',
884 silly audit report       severity: 'high',
884 silly audit report       vulnerable_versions: '>=10.0.0 <10.2.3',
884 silly audit report       cwe: [Array],
884 silly audit report       cvss: [Object]
884 silly audit report     }
884 silly audit report   ],
884 silly audit report   'path-to-regexp': [
884 silly audit report     {
884 silly audit report       id: 1101846,
884 silly audit report       url: 'https://github.com/advisories/GHSA-9wv6-86v2-598j',
884 silly audit report       title: 'path-to-regexp outputs backtracking regular expressions',
884 silly audit report       severity: 'high',
884 silly audit report       vulnerable_versions: '>=4.0.0 <6.3.0',
884 silly audit report       cwe: [Array],
884 silly audit report       cvss: [Object]
884 silly audit report     },
884 silly audit report     {
884 silly audit report       id: 1115573,
884 silly audit report       url: 'https://github.com/advisories/GHSA-j3q9-mxjg-w52f',
884 silly audit report       title: 'path-to-regexp vulnerable to Denial of Service via sequential optional groups',
884 silly audit report       severity: 'high',
884 silly audit report       vulnerable_versions: '>=8.0.0 <8.4.0',
884 silly audit report       cwe: [Array],
884 silly audit report       cvss: [Object]
884 silly audit report     },
884 silly audit report     {
884 silly audit report       id: 1115582,
884 silly audit report       url: 'https://github.com/advisories/GHSA-27v5-c462-wpq7',
884 silly audit report       title: 'path-to-regexp vulnerable to Regular Expression Denial of Service via multiple wildcards',
884 silly audit report       severity: 'moderate',
884 silly audit report       vulnerable_versions: '>=8.0.0 <8.4.0',
884 silly audit report       cwe: [Array],
884 silly audit report       cvss: [Object]
884 silly audit report     }
884 silly audit report   ],
884 silly audit report   undici: [
884 silly audit report     {
884 silly audit report       id: 1101610,
884 silly audit report       url: 'https://github.com/advisories/GHSA-c76h-2ccp-4975',
884 silly audit report       title: 'Use of Insufficiently Random Values in undici',
884 silly audit report       severity: 'moderate',
884 silly audit report       vulnerable_versions: '>=4.5.0 <5.28.5',
884 silly audit report       cwe: [Array],
884 silly audit report       cvss: [Object]
884 silly audit report     },
884 silly audit report     {
884 silly audit report       id: 1112496,
884 silly audit report       url: 'https://github.com/advisories/GHSA-g9mf-h72j-4rw9',
884 silly audit report       title: 'Undici has an unbounded decompression chain in HTTP responses on Node.js Fetch API via Content-Encoding leads to resource exhaustion',
884 silly audit report       severity: 'moderate',
884 silly audit report       vulnerable_versions: '<6.23.0',
884 silly audit report       cwe: [Array],
884 silly audit report       cvss: [Object]
884 silly audit report     },
884 silly audit report     {
884 silly audit report       id: 1113069,
884 silly audit report       url: 'https://github.com/advisories/GHSA-cxrh-j4jr-qwg3',
884 silly audit report       title: 'undici Denial of Service attack via bad certificate data',
884 silly audit report       severity: 'low',
884 silly audit report       vulnerable_versions: '<5.29.0',
884 silly audit report       cwe: [Array],
884 silly audit report       cvss: [Object]
884 silly audit report     },
884 silly audit report     {
884 silly audit report       id: 1114594,
884 silly audit report       url: 'https://github.com/advisories/GHSA-2mjp-6q6p-2qxm',
884 silly audit report       title: 'Undici has an HTTP Request/Response Smuggling issue',
884 silly audit report       severity: 'moderate',
884 silly audit report       vulnerable_versions: '<6.24.0',
884 silly audit report       cwe: [Array],
884 silly audit report       cvss: [Object]
884 silly audit report     },
884 silly audit report     {
884 silly audit report       id: 1114638,
884 silly audit report       url: 'https://github.com/advisories/GHSA-vrm6-8vpv-qv8q',
884 silly audit report       title: 'Undici has Unbounded Memory Consumption in WebSocket permessage-deflate Decompression',
884 silly audit report       severity: 'high',
884 silly audit report       vulnerable_versions: '<6.24.0',
884 silly audit report       cwe: [Array],
884 silly audit report       cvss: [Object]
884 silly audit report     },
884 silly audit report     {
884 silly audit report       id: 1114640,
884 silly audit report       url: 'https://github.com/advisories/GHSA-v9p9-hfj2-hcw8',
884 silly audit report       title: 'Undici has Unhandled Exception in WebSocket Client Due to Invalid server_max_window_bits Validation',
884 silly audit report       severity: 'high',
884 silly audit report       vulnerable_versions: '<6.24.0',
884 silly audit report       cwe: [Array],
884 silly audit report       cvss: [Object]
884 silly audit report     },
884 silly audit report     {
884 silly audit report       id: 1114642,
884 silly audit report       url: 'https://github.com/advisories/GHSA-4992-7rv2-5pvq',
884 silly audit report       title: 'Undici has CRLF Injection in undici via `upgrade` option',
884 silly audit report       severity: 'moderate',
884 silly audit report       vulnerable_versions: '<6.24.0',
884 silly audit report       cwe: [Array],
884 silly audit report       cvss: [Object]
884 silly audit report     }
884 silly audit report   ],
884 silly audit report   ajv: [
884 silly audit report     {
884 silly audit report       id: 1113715,
884 silly audit report       url: 'https://github.com/advisories/GHSA-2g4f-4pwh-qvx6',
884 silly audit report       title: 'ajv has ReDoS when using `$data` option',
884 silly audit report       severity: 'moderate',
884 silly audit report       vulnerable_versions: '>=7.0.0-alpha.0 <8.18.0',
884 silly audit report       cwe: [Array],
884 silly audit report       cvss: [Object]
884 silly audit report     }
884 silly audit report   ],
884 silly audit report   'smol-toml': [
884 silly audit report     {
884 silly audit report       id: 1115393,
884 silly audit report       url: 'https://github.com/advisories/GHSA-v3rj-xjv7-4jmq',
884 silly audit report       title: 'smol-toml: Denial of Service via TOML documents containing thousands of consecutive commented lines',
884 silly audit report       severity: 'moderate',
884 silly audit report       vulnerable_versions: '<1.6.1',
884 silly audit report       cwe: [Array],
884 silly audit report       cvss: [Object]
884 silly audit report     }
884 silly audit report   ],
884 silly audit report   tar: [
884 silly audit report     {
884 silly audit report       id: 1113375,
884 silly audit report       url: 'https://github.com/advisories/GHSA-83g3-92jg-28cx',
884 silly audit report       title: 'Arbitrary File Read/Write via Hardlink Target Escape Through Symlink Chain in node-tar Extraction',
884 silly audit report       severity: 'high',
884 silly audit report       vulnerable_versions: '<7.5.8',
884 silly audit report       cwe: [Array],
884 silly audit report       cvss: [Object]
884 silly audit report     },
884 silly audit report     {
884 silly audit report       id: 1114200,
884 silly audit report       url: 'https://github.com/advisories/GHSA-qffp-2rhf-9h96',
884 silly audit report       title: 'tar has Hardlink Path Traversal via Drive-Relative Linkpath',
884 silly audit report       severity: 'high',
884 silly audit report       vulnerable_versions: '<=7.5.9',
884 silly audit report       cwe: [Array],
884 silly audit report       cvss: [Object]
884 silly audit report     },
884 silly audit report     {
884 silly audit report       id: 1114302,
884 silly audit report       url: 'https://github.com/advisories/GHSA-9ppj-qmqm-q256',
884 silly audit report       title: 'node-tar Symlink Path Traversal via Drive-Relative Linkpath',
884 silly audit report       severity: 'high',
884 silly audit report       vulnerable_versions: '<=7.5.10',
884 silly audit report       cwe: [Array],
884 silly audit report       cvss: [Object]
884 silly audit report     }
884 silly audit report   ],
884 silly audit report   srvx: [
884 silly audit report     {
884 silly audit report       id: 1115537,
884 silly audit report       url: 'https://github.com/advisories/GHSA-p36q-q72m-gchr',
884 silly audit report       title: 'srvx is vulnerable to middleware bypass via absolute URI in request line ',
884 silly audit report       severity: 'moderate',
884 silly audit report       vulnerable_versions: '<0.11.13',
884 silly audit report       cwe: [Array],
884 silly audit report       cvss: [Object]
884 silly audit report     }
884 silly audit report   ]
884 silly audit report }
885 timing metavuln:packument:minimatch Completed in 3ms
886 timing metavuln:packument:path-to-regexp Completed in 2ms
887 timing metavuln:packument:undici Completed in 2ms
888 timing metavuln:packument:srvx Completed in 0ms
889 http fetch GET 200 https://registry.npmjs.org/@vercel/fastify/-/fastify-0.1.82.tgz 131ms (cache miss)
890 http fetch GET 200 https://registry.npmjs.org/@vercel/koa/-/koa-0.1.62.tgz 147ms (cache miss)
891 timing reifyNode:node_modules/@vercel/fastify Completed in 169ms
892 http fetch GET 200 https://registry.npmjs.org/@vercel/nestjs/-/nestjs-0.2.83.tgz 152ms (cache miss)
893 http fetch GET 200 https://registry.npmjs.org/@vercel/h3/-/h3-0.1.88.tgz 151ms (cache miss)
894 timing metavuln:cache:get:security-advisory:@tootallnate/once:Bij+qufwr7God+MYI0JIFJYEDFT3IlGllIhDaMb6DB6UZOYpGBBfXc1Jq59Wdg/M2NdGRUO2+zYnIEZHW42YDw== Completed in 54ms
895 timing metavuln:cache:get:security-advisory:minimatch:YSudgUHg9DTzGapOj1yn3KjQDc6SlQw4XrLRl1ND+7KB4Yly2gDN5hqn+bNmJshGC2E+TdnCHzUD/PowxjSuDA== Completed in 53ms
896 timing metavuln:load:security-advisory:minimatch:1113545 Completed in 1ms
897 timing metavuln:calculate:security-advisory:minimatch:1113545 Completed in 54ms
898 timing metavuln:cache:get:security-advisory:minimatch:cXy8D45/B7nMpaRH3Zg9MjS1VuGJguUpVQP1gIKIZFeqQECAsO1uttJiVf6ZjXx/KuZk+JaiY2EYi+fh7ANFtA== Completed in 54ms
899 timing metavuln:load:security-advisory:minimatch:1113466 Completed in 0ms
900 timing metavuln:calculate:security-advisory:minimatch:1113466 Completed in 54ms
901 timing metavuln:cache:get:security-advisory:path-to-regexp:TmkHz1g6xKc2pnDD1h6+ZDKMikxz0M1BBY/wyR9ER8446AKOUk6gXjoSR2douZ5enAllzNSKaynTW1H+LBi1CA== Completed in 54ms
902 timing metavuln:load:security-advisory:path-to-regexp:1101846 Completed in 0ms
903 timing metavuln:calculate:security-advisory:path-to-regexp:1101846 Completed in 54ms
904 timing metavuln:cache:get:security-advisory:minimatch:gmGvnILTQw5rpooI0RiOJmV+mxGIY4Os9W3FzEaCfRDs6MVOL9OG+3VuuFfndPdC+cTQi2AMRC4anLXCTj9jkQ== Completed in 55ms
905 timing metavuln:load:security-advisory:minimatch:1113553 Completed in 0ms
906 timing metavuln:calculate:security-advisory:minimatch:1113553 Completed in 55ms
907 timing metavuln:cache:get:security-advisory:undici:1/WUXNn7xp8QIxaZBTaUcktiVwkOnmSvwgfb1Rj47N3I6JV0b/fBGrXtK2IlcAMucd6B6lEd6IwB6aXkLT4iiQ== Completed in 55ms
908 timing metavuln:load:security-advisory:undici:1112496 Completed in 1ms
909 timing metavuln:calculate:security-advisory:undici:1112496 Completed in 56ms
910 timing metavuln:cache:get:security-advisory:undici:b3oQ3g+hj5SMgnSURhB4kIqOkHt2IsYm2a0haI1yHGuf1J25TaGtftXhEW1qa2Mh6Sh8mU/Zkap9kW71veIGgQ== Completed in 56ms
911 timing metavuln:load:security-advisory:undici:1101610 Completed in 1ms
912 timing metavuln:calculate:security-advisory:undici:1101610 Completed in 57ms
913 timing metavuln:cache:get:security-advisory:undici:0qrEC5u79wvaP2Gmo/9yw94XveSTFxdKaNrDWBjvjOS8o0Q8K+spDEmI1pdmvaj+ymc+emfXUM8HbqtBcHKfBw== Completed in 57ms
914 timing metavuln:load:security-advisory:undici:1114594 Completed in 1ms
915 timing metavuln:calculate:security-advisory:undici:1114594 Completed in 58ms
916 timing metavuln:cache:get:security-advisory:undici:nff069lyoAS01AkUxVLcuUFa1E2TkblEu92M6KEf0cwRulH5yOyww8K6p/a/Vl4yVTKHmz/mMmhCbLKSHB2OEA== Completed in 58ms
917 timing metavuln:load:security-advisory:undici:1113069 Completed in 1ms
918 timing metavuln:calculate:security-advisory:undici:1113069 Completed in 59ms
919 timing metavuln:cache:get:security-advisory:path-to-regexp:Sjg1UmmfeOw94MZlAcS3ii61l7C6ePzOlxjnssfD9vvuERRlOOked+o2XX0qGupUQ/tGaWbM+XpD1eyo8MMmNw== Completed in 59ms
920 timing metavuln:load:security-advisory:path-to-regexp:1115582 Completed in 0ms
921 timing metavuln:calculate:security-advisory:path-to-regexp:1115582 Completed in 59ms
922 timing metavuln:cache:get:security-advisory:undici:C95pXYvPtLw+lt2tMAK2ZwI4cRE9zPAiAhuYhLTSBlt8zW7E6i7+1/t4Dr2HIHPtN20zKskQfrXNb2aJ1cd2aw== Completed in 60ms
923 timing metavuln:load:security-advisory:undici:1114638 Completed in 1ms
924 timing metavuln:calculate:security-advisory:undici:1114638 Completed in 61ms
925 timing metavuln:cache:get:security-advisory:undici:O5nryYY+vdCnsOyx+t6CGBNa9/eilVLy3OgHgltD32RLanE2XCJuqOsmvrKeWKSkpvP517nC5+VCbcKJtlG/5A== Completed in 61ms
926 timing metavuln:load:security-advisory:undici:1114640 Completed in 1ms
927 timing metavuln:calculate:security-advisory:undici:1114640 Completed in 62ms
928 timing metavuln:cache:get:security-advisory:path-to-regexp:wYg22v1NfNY6WIsBiruQsrpd8+Ecg01qP1ndZVzVqkuraEYAqQXQwLJeDomBFbS+6cgu5Es7iYz9S6VvR56mIA== Completed in 62ms
929 timing metavuln:load:security-advisory:path-to-regexp:1115573 Completed in 0ms
930 timing metavuln:calculate:security-advisory:path-to-regexp:1115573 Completed in 62ms
931 timing metavuln:cache:get:security-advisory:smol-toml:7PpzHzFtVYkVZCx9rJvyX7/tzbfo1i8qzjwxcy4QN3bihWfFqaY1ZrhJAyi0SEs11mNgfhNZFMK/EhihsmunKA== Completed in 62ms
932 timing metavuln:cache:get:security-advisory:ajv:URErmxoyazZWR5lFcXpgTkGsbkrUBDlzD8W6txjBw2wZoOC7oHjHFfCrRr/VnGeJvbyUY9E2jxrL8p2XbwfP8g== Completed in 63ms
933 timing metavuln:cache:get:security-advisory:tar:Bbf0Br7FJ1lJBIJDoLLFwjsDrbaYgLVqfrwr0ATzSQWEKW7Xp073S+5zxU9imRf4OqRJHo2MsCDeyKR0KRVsdA== Completed in 62ms
934 timing metavuln:cache:get:security-advisory:tar:UWW3Y4BpqE/fE3Qp2/QBaix5a7TZZoP7gM6asxPYL9ED9MweoK3ryao+Bp0Y6Y8Xds/rmjAafpG21YRYkP3N4g== Completed in 61ms
935 timing reifyNode:node_modules/@vercel/nestjs Completed in 184ms
936 timing metavuln:cache:get:security-advisory:srvx:4y2DR1OMiXt7svOA1ikVCPpHgR3F0zYdoNEThWxyB2DeJMiMebPbHv+C50qqHZLv3HeKjyH5vqp571kb2ype8A== Completed in 64ms
937 timing metavuln:load:security-advisory:srvx:1115537 Completed in 0ms
938 timing metavuln:calculate:security-advisory:srvx:1115537 Completed in 64ms
939 timing metavuln:cache:get:security-advisory:undici:hRagIU2z3Dww7TjQZesFJH0iRCwPzbhbtsLTKcdmeEBVqULQQcBfsIlTc1fcVKr3Zu7fjcxZ4DhnOtJmRI5Kww== Completed in 66ms
940 timing metavuln:load:security-advisory:undici:1114642 Completed in 1ms
941 timing metavuln:calculate:security-advisory:undici:1114642 Completed in 67ms
942 timing metavuln:cache:get:security-advisory:tar:eeMx7uxRjV2T2ub1XcSZGVUMDQllh5SgBOjApRXoDwccZb2xPyoJEKCNDkl/ZQGHcurw9K/Nf+wQF6u7SWH6CQ== Completed in 66ms
943 timing reifyNode:node_modules/@vercel/koa Completed in 188ms
944 timing reifyNode:node_modules/@vercel/h3 Completed in 189ms
945 http fetch GET 200 https://registry.npmjs.org/@vercel/hono/-/hono-0.2.82.tgz 176ms (cache miss)
946 timing reifyNode:node_modules/@vercel/hono Completed in 195ms
947 http fetch GET 200 https://registry.npmjs.org/@vercel/express/-/express-0.1.89.tgz 174ms (cache miss)
948 timing reifyNode:node_modules/@vercel/express Completed in 199ms
949 http fetch GET 200 https://registry.npmjs.org/@vercel/elysia/-/elysia-0.1.79.tgz 177ms (cache miss)
950 timing reifyNode:node_modules/@vercel/elysia Completed in 201ms
951 http fetch GET 200 https://registry.npmjs.org/@vercel/gatsby-plugin-vercel-builder/-/gatsby-plugin-vercel-builder-2.2.6.tgz 181ms (cache miss)
952 http fetch GET 200 https://registry.npmjs.org/@vercel/cervel/-/cervel-0.1.6.tgz 178ms (cache miss)
953 timing reifyNode:node_modules/@vercel/gatsby-plugin-vercel-builder Completed in 206ms
954 timing reifyNode:node_modules/@vercel/cervel Completed in 207ms
955 http fetch GET 200 https://registry.npmjs.org/@vercel/cli-config/-/cli-config-0.1.2.tgz 184ms (cache miss)
956 timing reifyNode:node_modules/@vercel/cli-config Completed in 210ms
957 http fetch GET 200 https://registry.npmjs.org/@vercel/remix-builder/-/remix-builder-5.8.2.tgz 211ms (cache miss)
958 timing reifyNode:node_modules/@vercel/remix-builder Completed in 231ms
959 http fetch GET 200 https://registry.npmjs.org/tar 110ms (cache revalidated)
960 timing metavuln:packument:tar Completed in 111ms
961 timing metavuln:load:security-advisory:tar:1113375 Completed in 0ms
962 timing metavuln:calculate:security-advisory:tar:1113375 Completed in 112ms
963 timing metavuln:load:security-advisory:tar:1114200 Completed in 0ms
964 timing metavuln:calculate:security-advisory:tar:1114200 Completed in 112ms
965 timing metavuln:load:security-advisory:tar:1114302 Completed in 0ms
966 timing metavuln:calculate:security-advisory:tar:1114302 Completed in 111ms
967 http fetch GET 200 https://registry.npmjs.org/smol-toml 119ms (cache revalidated)
968 timing metavuln:packument:smol-toml Completed in 119ms
969 timing metavuln:load:security-advisory:smol-toml:1115393 Completed in 0ms
970 timing metavuln:calculate:security-advisory:smol-toml:1115393 Completed in 119ms
971 http fetch GET 200 https://registry.npmjs.org/ajv 120ms (cache revalidated)
972 timing metavuln:packument:ajv Completed in 125ms
973 timing metavuln:load:security-advisory:ajv:1113715 Completed in 0ms
974 timing metavuln:calculate:security-advisory:ajv:1113715 Completed in 126ms
975 http fetch GET 200 https://registry.npmjs.org/@tootallnate%2fonce 135ms (cache revalidated)
976 timing metavuln:packument:@tootallnate/once Completed in 136ms
977 timing metavuln:load:security-advisory:@tootallnate/once:1113977 Completed in 0ms
978 timing metavuln:calculate:security-advisory:@tootallnate/once:1113977 Completed in 137ms
979 timing metavuln:cache:get:security-advisory:@vercel/fun:d8x7MjJfRyNi5q8GJvyjkYNPliiVxPjGU/4eXU9eN19PtyAhbyMUXWC8tFuUhIR6fUnpiOd/MR5jPSq075ohnA== Completed in 12ms
980 http fetch GET 200 https://registry.npmjs.org/@vercel/backends/-/backends-0.7.1.tgz 241ms (cache miss)
981 http fetch GET 200 https://registry.npmjs.org/@vercel/python/-/python-6.43.0.tgz 255ms (cache miss)
982 timing reifyNode:node_modules/@vercel/python Completed in 272ms
983 timing reifyNode:node_modules/@vercel/backends Completed in 273ms
984 http fetch GET 200 https://registry.npmjs.org/@vercel/go/-/go-3.7.1.tgz 249ms (cache miss)
985 timing reifyNode:node_modules/@vercel/go Completed in 282ms
986 http fetch GET 200 https://registry.npmjs.org/@vercel/blob/-/blob-2.4.0.tgz 269ms (cache miss)
987 timing reifyNode:node_modules/@vercel/blob Completed in 295ms
988 http fetch GET 200 https://registry.npmjs.org/@vercel/next/-/next-4.17.3.tgz 285ms (cache miss)
989 timing reifyNode:node_modules/@vercel/next Completed in 302ms
990 http fetch GET 200 https://registry.npmjs.org/@vercel/static-build/-/static-build-2.9.29.tgz 284ms (cache miss)
991 timing reifyNode:node_modules/@vercel/static-build Completed in 305ms
992 http fetch GET 200 https://registry.npmjs.org/@vercel%2ffun 64ms (cache updated)
993 timing metavuln:packument:@vercel/fun Completed in 65ms
994 timing metavuln:load:security-advisory:@vercel/fun:Bij+qufwr7God+MYI0JIFJYEDFT3IlGllIhDaMb6DB6UZOYpGBBfXc1Jq59Wdg/M2NdGRUO2+zYnIEZHW42YDw== Completed in 0ms
995 timing metavuln:calculate:security-advisory:@vercel/fun:Bij+qufwr7God+MYI0JIFJYEDFT3IlGllIhDaMb6DB6UZOYpGBBfXc1Jq59Wdg/M2NdGRUO2+zYnIEZHW42YDw== Completed in 66ms
996 timing metavuln:packument:@vercel/python-analysis Completed in 0ms
997 timing metavuln:cache:get:security-advisory:@vercel/python-analysis:kAK6nWD5TJek7jHkQk+iwuQoRn5wbOgsTLtkGEZXLqvDpISn05wmmIQaBKFCZcTHQpfsznlSZN46NJQuuyndXA== Completed in 7ms
998 timing metavuln:load:security-advisory:@vercel/python-analysis:cXy8D45/B7nMpaRH3Zg9MjS1VuGJguUpVQP1gIKIZFeqQECAsO1uttJiVf6ZjXx/KuZk+JaiY2EYi+fh7ANFtA== Completed in 0ms
999 timing metavuln:calculate:security-advisory:@vercel/python-analysis:cXy8D45/B7nMpaRH3Zg9MjS1VuGJguUpVQP1gIKIZFeqQECAsO1uttJiVf6ZjXx/KuZk+JaiY2EYi+fh7ANFtA== Completed in 7ms
1000 timing metavuln:packument:@vercel/node Completed in 0ms
1001 timing metavuln:packument:@vercel/remix-builder Completed in 0ms
1002 timing metavuln:cache:get:security-advisory:@vercel/remix-builder:2l8XTQ68TZZh+O9/EVFvhoRYwe1Jw+WzumZh9yBQziJoKIBuWOVm6ECFis39wzWwa5oQA7zxXNVS8HX09ScYAA== Completed in 4ms
1003 timing metavuln:load:security-advisory:@vercel/remix-builder:TmkHz1g6xKc2pnDD1h6+ZDKMikxz0M1BBY/wyR9ER8446AKOUk6gXjoSR2douZ5enAllzNSKaynTW1H+LBi1CA== Completed in 3ms
1004 timing metavuln:cache:get:security-advisory:@vercel/node:Aph3IdW1o3g0AZn9QBBN4JHlomAl4WELj33FUSC8Ng0/vM3S4wiaeoxyVOILNd5YryxQqVDGWM3sEhtUv+mGdg== Completed in 9ms
1005 timing metavuln:load:security-advisory:@vercel/node:TmkHz1g6xKc2pnDD1h6+ZDKMikxz0M1BBY/wyR9ER8446AKOUk6gXjoSR2douZ5enAllzNSKaynTW1H+LBi1CA== Completed in 9ms
1006 timing metavuln:cache:put:security-advisory:@vercel/remix-builder:2l8XTQ68TZZh+O9/EVFvhoRYwe1Jw+WzumZh9yBQziJoKIBuWOVm6ECFis39wzWwa5oQA7zxXNVS8HX09ScYAA== Completed in 25ms
1007 timing metavuln:calculate:security-advisory:@vercel/remix-builder:TmkHz1g6xKc2pnDD1h6+ZDKMikxz0M1BBY/wyR9ER8446AKOUk6gXjoSR2douZ5enAllzNSKaynTW1H+LBi1CA== Completed in 32ms
1008 timing metavuln:cache:put:security-advisory:@vercel/node:Aph3IdW1o3g0AZn9QBBN4JHlomAl4WELj33FUSC8Ng0/vM3S4wiaeoxyVOILNd5YryxQqVDGWM3sEhtUv+mGdg== Completed in 15ms
1009 timing metavuln:calculate:security-advisory:@vercel/node:TmkHz1g6xKc2pnDD1h6+ZDKMikxz0M1BBY/wyR9ER8446AKOUk6gXjoSR2douZ5enAllzNSKaynTW1H+LBi1CA== Completed in 33ms
1010 timing metavuln:packument:@vercel/backends Completed in 1ms
1011 timing metavuln:packument:@vercel/express Completed in 1ms
1012 timing metavuln:packument:@vercel/hono Completed in 0ms
1013 timing metavuln:cache:get:security-advisory:@vercel/fun:zkY5oAvmkKzWfwTXieaHXrtF+73i1M+/TbeEoqajw8yaX+FP6lBQH3tJXnQs1Z2uNrzvz33Om4Y8Vj4hzPeDuA== Completed in 6ms
1014 timing metavuln:load:security-advisory:@vercel/fun:wYg22v1NfNY6WIsBiruQsrpd8+Ecg01qP1ndZVzVqkuraEYAqQXQwLJeDomBFbS+6cgu5Es7iYz9S6VvR56mIA== Completed in 0ms
1015 timing metavuln:calculate:security-advisory:@vercel/fun:wYg22v1NfNY6WIsBiruQsrpd8+Ecg01qP1ndZVzVqkuraEYAqQXQwLJeDomBFbS+6cgu5Es7iYz9S6VvR56mIA== Completed in 6ms
1016 timing metavuln:cache:get:security-advisory:@vercel/hono:sr04qJ1rmTOqg6CIkzLSqDaWCH4XPJcJ2d0AyMgNMbwApfXSkG0NCrMD5+DVgVP62nkwXReB7GyH3/T23GZtpw== Completed in 6ms
1017 timing metavuln:load:security-advisory:@vercel/hono:wYg22v1NfNY6WIsBiruQsrpd8+Ecg01qP1ndZVzVqkuraEYAqQXQwLJeDomBFbS+6cgu5Es7iYz9S6VvR56mIA== Completed in 2ms
1018 timing metavuln:cache:get:security-advisory:@vercel/express:rTHiyxR0u9LppqF4V8nd6B9mkwx4X9c5R/2yi6H5uHa//cfbNkjgHtVowUTI67wjGUMg166VVlfCeAv9N6TToQ== Completed in 10ms
1019 timing metavuln:load:security-advisory:@vercel/express:wYg22v1NfNY6WIsBiruQsrpd8+Ecg01qP1ndZVzVqkuraEYAqQXQwLJeDomBFbS+6cgu5Es7iYz9S6VvR56mIA== Completed in 1ms
1020 timing metavuln:cache:get:security-advisory:@vercel/backends:gpM081NLzGZHYqZwbbn0/m8dDRFfNN0UJRBw8xSys4NIoxOHmAswet/FKFFCxDGmyCDTQZVgunBpK7e8sPeU4A== Completed in 12ms
1021 timing metavuln:load:security-advisory:@vercel/backends:wYg22v1NfNY6WIsBiruQsrpd8+Ecg01qP1ndZVzVqkuraEYAqQXQwLJeDomBFbS+6cgu5Es7iYz9S6VvR56mIA== Completed in 1ms
1022 timing metavuln:cache:put:security-advisory:@vercel/hono:sr04qJ1rmTOqg6CIkzLSqDaWCH4XPJcJ2d0AyMgNMbwApfXSkG0NCrMD5+DVgVP62nkwXReB7GyH3/T23GZtpw== Completed in 22ms
1023 timing metavuln:calculate:security-advisory:@vercel/hono:wYg22v1NfNY6WIsBiruQsrpd8+Ecg01qP1ndZVzVqkuraEYAqQXQwLJeDomBFbS+6cgu5Es7iYz9S6VvR56mIA== Completed in 30ms
1024 timing metavuln:cache:put:security-advisory:@vercel/backends:gpM081NLzGZHYqZwbbn0/m8dDRFfNN0UJRBw8xSys4NIoxOHmAswet/FKFFCxDGmyCDTQZVgunBpK7e8sPeU4A== Completed in 18ms
1025 timing metavuln:calculate:security-advisory:@vercel/backends:wYg22v1NfNY6WIsBiruQsrpd8+Ecg01qP1ndZVzVqkuraEYAqQXQwLJeDomBFbS+6cgu5Es7iYz9S6VvR56mIA== Completed in 31ms
1026 timing metavuln:cache:put:security-advisory:@vercel/express:rTHiyxR0u9LppqF4V8nd6B9mkwx4X9c5R/2yi6H5uHa//cfbNkjgHtVowUTI67wjGUMg166VVlfCeAv9N6TToQ== Completed in 20ms
1027 timing metavuln:calculate:security-advisory:@vercel/express:wYg22v1NfNY6WIsBiruQsrpd8+Ecg01qP1ndZVzVqkuraEYAqQXQwLJeDomBFbS+6cgu5Es7iYz9S6VvR56mIA== Completed in 32ms
1028 timing metavuln:cache:get:security-advisory:@vercel/node:v4jtasx9Rgt8gLOJWsX+F7xWLkkQ0YF/uQHVm2xZ5EUo9amIH/WS1jWJnWa578QxCWj7vHv8FlgB8lHunm+YdQ== Completed in 15ms
1029 timing metavuln:load:security-advisory:@vercel/node:b3oQ3g+hj5SMgnSURhB4kIqOkHt2IsYm2a0haI1yHGuf1J25TaGtftXhEW1qa2Mh6Sh8mU/Zkap9kW71veIGgQ== Completed in 7ms
1030 timing metavuln:cache:put:security-advisory:@vercel/node:v4jtasx9Rgt8gLOJWsX+F7xWLkkQ0YF/uQHVm2xZ5EUo9amIH/WS1jWJnWa578QxCWj7vHv8FlgB8lHunm+YdQ== Completed in 5ms
1031 timing metavuln:calculate:security-advisory:@vercel/node:b3oQ3g+hj5SMgnSURhB4kIqOkHt2IsYm2a0haI1yHGuf1J25TaGtftXhEW1qa2Mh6Sh8mU/Zkap9kW71veIGgQ== Completed in 27ms
1032 timing metavuln:cache:get:security-advisory:@vercel/static-config:FU1I8isVvzzLJgJlp5he1b1HzWJ5Pvbu0cKX1659ZWw+AdbPJURn8zViKHEC8De+U1LUIrh4s4k1VxFlTWlVig== Completed in 5ms
1033 http fetch GET 200 https://registry.npmjs.org/@vercel/node/-/node-5.8.3.tgz 422ms (cache miss)
1034 timing reifyNode:node_modules/@vercel/node Completed in 439ms
1035 http fetch GET 200 https://registry.npmjs.org/@vercel/build-utils/-/build-utils-13.26.0.tgz 416ms (cache miss)
1036 timing reifyNode:node_modules/@vercel/build-utils Completed in 445ms
1037 http fetch GET 200 https://registry.npmjs.org/@vercel%2fstatic-config 51ms (cache updated)
1038 timing metavuln:packument:@vercel/static-config Completed in 53ms
1039 timing metavuln:load:security-advisory:@vercel/static-config:URErmxoyazZWR5lFcXpgTkGsbkrUBDlzD8W6txjBw2wZoOC7oHjHFfCrRr/VnGeJvbyUY9E2jxrL8p2XbwfP8g== Completed in 0ms
1040 timing metavuln:calculate:security-advisory:@vercel/static-config:URErmxoyazZWR5lFcXpgTkGsbkrUBDlzD8W6txjBw2wZoOC7oHjHFfCrRr/VnGeJvbyUY9E2jxrL8p2XbwfP8g== Completed in 53ms
1041 timing metavuln:packument:vercel Completed in 0ms
1042 timing metavuln:cache:get:security-advisory:@vercel/python-analysis:K/Tj7A4TNQt2d37rXmuobEbgiF1CGjqjDexKnewZLolP/Wx4Hwquk2ygm/Bp7AGsmbqhGGIgrpopx0Ay0+OaRw== Completed in 3ms
1043 timing metavuln:load:security-advisory:@vercel/python-analysis:7PpzHzFtVYkVZCx9rJvyX7/tzbfo1i8qzjwxcy4QN3bihWfFqaY1ZrhJAyi0SEs11mNgfhNZFMK/EhihsmunKA== Completed in 0ms
1044 timing metavuln:calculate:security-advisory:@vercel/python-analysis:7PpzHzFtVYkVZCx9rJvyX7/tzbfo1i8qzjwxcy4QN3bihWfFqaY1ZrhJAyi0SEs11mNgfhNZFMK/EhihsmunKA== Completed in 3ms
1045 timing metavuln:cache:get:security-advisory:vercel:q0GU/hDQldPhEm49BKASK8VdLO/C2n06OM/+c8eBHlT03t8UTnvKegWSWn9MD1DDqJo+U9cYX3U/YQrSCLLd3g== Completed in 4ms
1046 timing metavuln:load:security-advisory:vercel:7PpzHzFtVYkVZCx9rJvyX7/tzbfo1i8qzjwxcy4QN3bihWfFqaY1ZrhJAyi0SEs11mNgfhNZFMK/EhihsmunKA== Completed in 9ms
1047 timing metavuln:cache:get:security-advisory:@vercel/rust:ygoaZOO3YUuxTJBkNqDXxSAk9EFFspUgp5SJgrTyRtgbsuTEJpsvff6Je29HHRGw9rd0jmGfRgTQfR3ou1CwkA== Completed in 14ms
1048 timing metavuln:cache:put:security-advisory:vercel:q0GU/hDQldPhEm49BKASK8VdLO/C2n06OM/+c8eBHlT03t8UTnvKegWSWn9MD1DDqJo+U9cYX3U/YQrSCLLd3g== Completed in 6ms
1049 timing metavuln:calculate:security-advisory:vercel:7PpzHzFtVYkVZCx9rJvyX7/tzbfo1i8qzjwxcy4QN3bihWfFqaY1ZrhJAyi0SEs11mNgfhNZFMK/EhihsmunKA== Completed in 19ms
1050 http fetch GET 200 https://registry.npmjs.org/vercel/-/vercel-54.3.0.tgz 505ms (cache miss)
1051 timing reifyNode:node_modules/vercel Completed in 519ms
1052 timing reify:unpack Completed in 520ms
1053 timing reify:unretire Completed in 9ms
1054 timing build:queue Completed in 4ms
1055 timing build:link:node_modules/@vercel/cervel Completed in 4ms
1056 timing build:link:node_modules/vercel Completed in 3ms
1057 timing build:link Completed in 4ms
1058 timing build:deps Completed in 9ms
1059 timing build Completed in 9ms
1060 timing reify:build Completed in 10ms
1061 http fetch GET 200 https://registry.npmjs.org/@vercel%2frust 74ms (cache updated)
1062 timing metavuln:packument:@vercel/rust Completed in 75ms
1063 timing metavuln:load:security-advisory:@vercel/rust:7PpzHzFtVYkVZCx9rJvyX7/tzbfo1i8qzjwxcy4QN3bihWfFqaY1ZrhJAyi0SEs11mNgfhNZFMK/EhihsmunKA== Completed in 0ms
1064 timing metavuln:calculate:security-advisory:@vercel/rust:7PpzHzFtVYkVZCx9rJvyX7/tzbfo1i8qzjwxcy4QN3bihWfFqaY1ZrhJAyi0SEs11mNgfhNZFMK/EhihsmunKA== Completed in 75ms
1065 timing metavuln:cache:get:security-advisory:@vercel/fun:sjha4O1lbN44T2GzS2FabTEujlYsjrWux1c4x20yhzlSWkCxhlNIfJ77nyzJRRupIfskQ9DmvGR9riVE0nbg6Q== Completed in 20ms
1066 timing metavuln:load:security-advisory:@vercel/fun:Bbf0Br7FJ1lJBIJDoLLFwjsDrbaYgLVqfrwr0ATzSQWEKW7Xp073S+5zxU9imRf4OqRJHo2MsCDeyKR0KRVsdA== Completed in 0ms
1067 timing metavuln:calculate:security-advisory:@vercel/fun:Bbf0Br7FJ1lJBIJDoLLFwjsDrbaYgLVqfrwr0ATzSQWEKW7Xp073S+5zxU9imRf4OqRJHo2MsCDeyKR0KRVsdA== Completed in 20ms
1068 timing metavuln:cache:get:security-advisory:@mapbox/node-pre-gyp:23k8YeNBfyP4tquoBZOYGbe02y3MADGzh+IvZBxyrRRI6Te8FW3FrAZJusQFKmP2X7xkHU3+yyQZT6n6l02YHQ== Completed in 22ms
1069 timing reify:trash Completed in 33ms
1070 timing reify:save Completed in 75ms
1071 http fetch GET 200 https://registry.npmjs.org/@mapbox%2fnode-pre-gyp 138ms (cache revalidated)
1072 timing metavuln:packument:@mapbox/node-pre-gyp Completed in 140ms
1073 timing metavuln:load:security-advisory:@mapbox/node-pre-gyp:Bbf0Br7FJ1lJBIJDoLLFwjsDrbaYgLVqfrwr0ATzSQWEKW7Xp073S+5zxU9imRf4OqRJHo2MsCDeyKR0KRVsdA== Completed in 0ms
1074 timing metavuln:calculate:security-advisory:@mapbox/node-pre-gyp:Bbf0Br7FJ1lJBIJDoLLFwjsDrbaYgLVqfrwr0ATzSQWEKW7Xp073S+5zxU9imRf4OqRJHo2MsCDeyKR0KRVsdA== Completed in 140ms
1075 timing metavuln:cache:get:security-advisory:@vercel/backends:MWPTbv2jtl7oD16kijeuIrQ/mZ7y36CCjEXFf8Jae0MDaQzBogbIO7VQel4BqjUQSdfEZZbCZb0rFblxQDvmyQ== Completed in 1ms
1076 timing metavuln:load:security-advisory:@vercel/backends:4y2DR1OMiXt7svOA1ikVCPpHgR3F0zYdoNEThWxyB2DeJMiMebPbHv+C50qqHZLv3HeKjyH5vqp571kb2ype8A== Completed in 0ms
1077 timing metavuln:cache:put:security-advisory:@vercel/backends:MWPTbv2jtl7oD16kijeuIrQ/mZ7y36CCjEXFf8Jae0MDaQzBogbIO7VQel4BqjUQSdfEZZbCZb0rFblxQDvmyQ== Completed in 2ms
1078 timing metavuln:calculate:security-advisory:@vercel/backends:4y2DR1OMiXt7svOA1ikVCPpHgR3F0zYdoNEThWxyB2DeJMiMebPbHv+C50qqHZLv3HeKjyH5vqp571kb2ype8A== Completed in 3ms
1079 timing metavuln:cache:get:security-advisory:vercel:pcGxhaRsKy6zWQlOPv6i1qJc09r2HETK8u6cdQeXgkJaxFOYdwnZkxeAF1kXoye5x/3H3O5pwigEAk78Q3iSow== Completed in 1ms
1080 timing metavuln:load:security-advisory:vercel:d8x7MjJfRyNi5q8GJvyjkYNPliiVxPjGU/4eXU9eN19PtyAhbyMUXWC8tFuUhIR6fUnpiOd/MR5jPSq075ohnA== Completed in 14ms
1081 timing metavuln:cache:put:security-advisory:vercel:pcGxhaRsKy6zWQlOPv6i1qJc09r2HETK8u6cdQeXgkJaxFOYdwnZkxeAF1kXoye5x/3H3O5pwigEAk78Q3iSow== Completed in 3ms
1082 timing metavuln:calculate:security-advisory:vercel:d8x7MjJfRyNi5q8GJvyjkYNPliiVxPjGU/4eXU9eN19PtyAhbyMUXWC8tFuUhIR6fUnpiOd/MR5jPSq075ohnA== Completed in 18ms
1083 timing metavuln:packument:@vercel/build-utils Completed in 0ms
1084 timing metavuln:packument:@vercel/python Completed in 0ms
1085 timing metavuln:cache:get:security-advisory:@vercel/build-utils:YuG5AfVPkHvdCU+fZCzJ8Ldj8TrayTVNX5BglEEdZFdmiIuIgjOnhV8WzUT4NXB3xgWnoh2Kq1eBHuuf+NxjCA== Completed in 0ms
1086 timing metavuln:load:security-advisory:@vercel/build-utils:kAK6nWD5TJek7jHkQk+iwuQoRn5wbOgsTLtkGEZXLqvDpISn05wmmIQaBKFCZcTHQpfsznlSZN46NJQuuyndXA== Completed in 6ms
1087 timing metavuln:cache:get:security-advisory:@vercel/python:DLYwNLhOiZ5Qyv86bcr10zLKJZPiifqL0Gh80w+7QJUDhdgkcfdGq4yA7QEU9ViSYEDmbKH9rfRpf6zTZyA0bQ== Completed in 7ms
1088 timing metavuln:load:security-advisory:@vercel/python:kAK6nWD5TJek7jHkQk+iwuQoRn5wbOgsTLtkGEZXLqvDpISn05wmmIQaBKFCZcTHQpfsznlSZN46NJQuuyndXA== Completed in 3ms
1089 timing metavuln:cache:put:security-advisory:@vercel/build-utils:YuG5AfVPkHvdCU+fZCzJ8Ldj8TrayTVNX5BglEEdZFdmiIuIgjOnhV8WzUT4NXB3xgWnoh2Kq1eBHuuf+NxjCA== Completed in 6ms
1090 timing metavuln:calculate:security-advisory:@vercel/build-utils:kAK6nWD5TJek7jHkQk+iwuQoRn5wbOgsTLtkGEZXLqvDpISn05wmmIQaBKFCZcTHQpfsznlSZN46NJQuuyndXA== Completed in 12ms
1091 timing metavuln:cache:put:security-advisory:@vercel/python:DLYwNLhOiZ5Qyv86bcr10zLKJZPiifqL0Gh80w+7QJUDhdgkcfdGq4yA7QEU9ViSYEDmbKH9rfRpf6zTZyA0bQ== Completed in 2ms
1092 timing metavuln:calculate:security-advisory:@vercel/python:kAK6nWD5TJek7jHkQk+iwuQoRn5wbOgsTLtkGEZXLqvDpISn05wmmIQaBKFCZcTHQpfsznlSZN46NJQuuyndXA== Completed in 12ms
1093 timing metavuln:cache:get:security-advisory:vercel:eakPu2jmSXYpp69/XGiejEzpT6yuJTWyOBq5AMhr6NV8E4bl24BDhFvbr08F9ocxLHxxb+8b4LfLPC42eEh8ZQ== Completed in 1ms
1094 timing metavuln:load:security-advisory:vercel:2l8XTQ68TZZh+O9/EVFvhoRYwe1Jw+WzumZh9yBQziJoKIBuWOVm6ECFis39wzWwa5oQA7zxXNVS8HX09ScYAA== Completed in 34ms
1095 timing metavuln:cache:put:security-advisory:vercel:eakPu2jmSXYpp69/XGiejEzpT6yuJTWyOBq5AMhr6NV8E4bl24BDhFvbr08F9ocxLHxxb+8b4LfLPC42eEh8ZQ== Completed in 2ms
1096 timing metavuln:calculate:security-advisory:vercel:2l8XTQ68TZZh+O9/EVFvhoRYwe1Jw+WzumZh9yBQziJoKIBuWOVm6ECFis39wzWwa5oQA7zxXNVS8HX09ScYAA== Completed in 37ms
1097 timing metavuln:packument:@vercel/elysia Completed in 1ms
1098 timing metavuln:packument:@vercel/fastify Completed in 0ms
1099 timing metavuln:packument:@vercel/h3 Completed in 0ms
1100 timing metavuln:packument:@vercel/koa Completed in 0ms
1101 timing metavuln:packument:@vercel/nestjs Completed in 0ms
1102 timing metavuln:cache:get:security-advisory:@vercel/elysia:OBy/NW798wUAOfdrvzdx/ktO1PxPCrKRx+Mf8OkpZx2+C+JCYEC+0GjYXJ2GGUess2DIZbrnRnXMtiWdEPl1qQ== Completed in 3ms
1103 timing metavuln:load:security-advisory:@vercel/elysia:Aph3IdW1o3g0AZn9QBBN4JHlomAl4WELj33FUSC8Ng0/vM3S4wiaeoxyVOILNd5YryxQqVDGWM3sEhtUv+mGdg== Completed in 3ms
1104 timing metavuln:cache:get:security-advisory:@vercel/express:reHCEfaMq2AFkj9JvsCnvCMBS4D9p04qOQAVB+9RN7jcwgFy2ut3+GzIxmNIf9TBqeH4W/OXB6ODFP8Bd2jNRQ== Completed in 6ms
1105 timing metavuln:load:security-advisory:@vercel/express:Aph3IdW1o3g0AZn9QBBN4JHlomAl4WELj33FUSC8Ng0/vM3S4wiaeoxyVOILNd5YryxQqVDGWM3sEhtUv+mGdg== Completed in 3ms
1106 timing metavuln:cache:get:security-advisory:@vercel/fastify:CQ5Btm+pmQhjRezzO8EVIA+BdhqTDZLFCEiMj9qTJfzWAM+wlv4glEpCqjnE9cSlnebOdfeFIFE2O9wotkNoqw== Completed in 10ms
1107 timing metavuln:load:security-advisory:@vercel/fastify:Aph3IdW1o3g0AZn9QBBN4JHlomAl4WELj33FUSC8Ng0/vM3S4wiaeoxyVOILNd5YryxQqVDGWM3sEhtUv+mGdg== Completed in 0ms
1108 timing metavuln:cache:get:security-advisory:@vercel/h3:sAK5ipNffQc0xqQz7e/iD0zgBOJPYaX/VcQlFsNudEDNWg3nH8+51ax9BbgaJ1E91Kms8WZl2kkLs3DFwF3MmQ== Completed in 11ms
1109 timing metavuln:load:security-advisory:@vercel/h3:Aph3IdW1o3g0AZn9QBBN4JHlomAl4WELj33FUSC8Ng0/vM3S4wiaeoxyVOILNd5YryxQqVDGWM3sEhtUv+mGdg== Completed in 1ms
1110 timing metavuln:cache:get:security-advisory:vercel:9vGhGvtkW4xzCR8lct67bS48+jdrapRrjVxQmQAvdWN4hFx2S88ttugA64XsVAln82rm/IucaezdkOQupn48xA== Completed in 13ms
1111 timing metavuln:load:security-advisory:vercel:Aph3IdW1o3g0AZn9QBBN4JHlomAl4WELj33FUSC8Ng0/vM3S4wiaeoxyVOILNd5YryxQqVDGWM3sEhtUv+mGdg== Completed in 203ms
1112 timing metavuln:cache:get:security-advisory:@vercel/hono:42lmBm/6UolcDkR5C+E89U0kMo8fXWcVSnvCSQgkMRix1wXPDcxGteBeQbGOIdcn7esn6jJ93ThmTtM/JzRMqQ== Completed in 216ms
1113 timing metavuln:load:security-advisory:@vercel/hono:Aph3IdW1o3g0AZn9QBBN4JHlomAl4WELj33FUSC8Ng0/vM3S4wiaeoxyVOILNd5YryxQqVDGWM3sEhtUv+mGdg== Completed in 1ms
1114 timing metavuln:cache:get:security-advisory:@vercel/koa:NIHDVJ4dvxII3C7QMDmNN+Y7nzK7WenXsae4j46gbKExDYXPsdLcQF/b/cEkiLI4AdRSpbyuNjo9z1qYDQ4IdQ== Completed in 217ms
1115 timing metavuln:load:security-advisory:@vercel/koa:Aph3IdW1o3g0AZn9QBBN4JHlomAl4WELj33FUSC8Ng0/vM3S4wiaeoxyVOILNd5YryxQqVDGWM3sEhtUv+mGdg== Completed in 3ms
1116 timing metavuln:cache:get:security-advisory:@vercel/nestjs:tJR8L/A4XChgLvha3rjeOaSsuD3U+ERzv4NCtJoDfn4uL+W+4ibz/BrR3HoGqi4JK7R+lJwcWqQ1XOGp33U5rQ== Completed in 220ms
1117 timing metavuln:load:security-advisory:@vercel/nestjs:Aph3IdW1o3g0AZn9QBBN4JHlomAl4WELj33FUSC8Ng0/vM3S4wiaeoxyVOILNd5YryxQqVDGWM3sEhtUv+mGdg== Completed in 1ms
1118 timing metavuln:cache:put:security-advisory:@vercel/fastify:CQ5Btm+pmQhjRezzO8EVIA+BdhqTDZLFCEiMj9qTJfzWAM+wlv4glEpCqjnE9cSlnebOdfeFIFE2O9wotkNoqw== Completed in 214ms
1119 timing metavuln:calculate:security-advisory:@vercel/fastify:Aph3IdW1o3g0AZn9QBBN4JHlomAl4WELj33FUSC8Ng0/vM3S4wiaeoxyVOILNd5YryxQqVDGWM3sEhtUv+mGdg== Completed in 224ms
1120 timing metavuln:cache:put:security-advisory:@vercel/elysia:OBy/NW798wUAOfdrvzdx/ktO1PxPCrKRx+Mf8OkpZx2+C+JCYEC+0GjYXJ2GGUess2DIZbrnRnXMtiWdEPl1qQ== Completed in 219ms
1121 timing metavuln:calculate:security-advisory:@vercel/elysia:Aph3IdW1o3g0AZn9QBBN4JHlomAl4WELj33FUSC8Ng0/vM3S4wiaeoxyVOILNd5YryxQqVDGWM3sEhtUv+mGdg== Completed in 225ms
1122 timing metavuln:cache:put:security-advisory:@vercel/koa:NIHDVJ4dvxII3C7QMDmNN+Y7nzK7WenXsae4j46gbKExDYXPsdLcQF/b/cEkiLI4AdRSpbyuNjo9z1qYDQ4IdQ== Completed in 4ms
1123 timing metavuln:calculate:security-advisory:@vercel/koa:Aph3IdW1o3g0AZn9QBBN4JHlomAl4WELj33FUSC8Ng0/vM3S4wiaeoxyVOILNd5YryxQqVDGWM3sEhtUv+mGdg== Completed in 225ms
1124 timing metavuln:cache:put:security-advisory:@vercel/hono:42lmBm/6UolcDkR5C+E89U0kMo8fXWcVSnvCSQgkMRix1wXPDcxGteBeQbGOIdcn7esn6jJ93ThmTtM/JzRMqQ== Completed in 8ms
1125 timing metavuln:calculate:security-advisory:@vercel/hono:Aph3IdW1o3g0AZn9QBBN4JHlomAl4WELj33FUSC8Ng0/vM3S4wiaeoxyVOILNd5YryxQqVDGWM3sEhtUv+mGdg== Completed in 225ms
1126 timing metavuln:cache:put:security-advisory:vercel:9vGhGvtkW4xzCR8lct67bS48+jdrapRrjVxQmQAvdWN4hFx2S88ttugA64XsVAln82rm/IucaezdkOQupn48xA== Completed in 11ms
1127 timing metavuln:calculate:security-advisory:vercel:Aph3IdW1o3g0AZn9QBBN4JHlomAl4WELj33FUSC8Ng0/vM3S4wiaeoxyVOILNd5YryxQqVDGWM3sEhtUv+mGdg== Completed in 227ms
1128 timing metavuln:cache:put:security-advisory:@vercel/express:reHCEfaMq2AFkj9JvsCnvCMBS4D9p04qOQAVB+9RN7jcwgFy2ut3+GzIxmNIf9TBqeH4W/OXB6ODFP8Bd2jNRQ== Completed in 217ms
1129 timing metavuln:calculate:security-advisory:@vercel/express:Aph3IdW1o3g0AZn9QBBN4JHlomAl4WELj33FUSC8Ng0/vM3S4wiaeoxyVOILNd5YryxQqVDGWM3sEhtUv+mGdg== Completed in 227ms
1130 timing metavuln:cache:put:security-advisory:@vercel/h3:sAK5ipNffQc0xqQz7e/iD0zgBOJPYaX/VcQlFsNudEDNWg3nH8+51ax9BbgaJ1E91Kms8WZl2kkLs3DFwF3MmQ== Completed in 214ms
1131 timing metavuln:calculate:security-advisory:@vercel/h3:Aph3IdW1o3g0AZn9QBBN4JHlomAl4WELj33FUSC8Ng0/vM3S4wiaeoxyVOILNd5YryxQqVDGWM3sEhtUv+mGdg== Completed in 226ms
1132 timing metavuln:cache:put:security-advisory:@vercel/nestjs:tJR8L/A4XChgLvha3rjeOaSsuD3U+ERzv4NCtJoDfn4uL+W+4ibz/BrR3HoGqi4JK7R+lJwcWqQ1XOGp33U5rQ== Completed in 5ms
1133 timing metavuln:calculate:security-advisory:@vercel/nestjs:Aph3IdW1o3g0AZn9QBBN4JHlomAl4WELj33FUSC8Ng0/vM3S4wiaeoxyVOILNd5YryxQqVDGWM3sEhtUv+mGdg== Completed in 226ms
1134 timing metavuln:cache:get:security-advisory:vercel:Cy7VsmENPeRgiyNeaCQJ8C7+vEucVkujNnXkNV8O5iEdvx87B/HDguKn1Fh2iz9FT7wIJD0wzXkH30MxBwzIrQ== Completed in 1ms
1135 timing metavuln:load:security-advisory:vercel:sr04qJ1rmTOqg6CIkzLSqDaWCH4XPJcJ2d0AyMgNMbwApfXSkG0NCrMD5+DVgVP62nkwXReB7GyH3/T23GZtpw== Completed in 29ms
1136 timing metavuln:cache:put:security-advisory:vercel:Cy7VsmENPeRgiyNeaCQJ8C7+vEucVkujNnXkNV8O5iEdvx87B/HDguKn1Fh2iz9FT7wIJD0wzXkH30MxBwzIrQ== Completed in 5ms
1137 timing metavuln:calculate:security-advisory:vercel:sr04qJ1rmTOqg6CIkzLSqDaWCH4XPJcJ2d0AyMgNMbwApfXSkG0NCrMD5+DVgVP62nkwXReB7GyH3/T23GZtpw== Completed in 36ms
1138 timing metavuln:packument:@vercel/cervel Completed in 0ms
1139 timing metavuln:cache:get:security-advisory:vercel:KIfwu9O2ruI9LKNY074s1sYuCgnJudJX8vw4b5jXvk0x1UWQweQ1FREm0jM9HXotuaOitRLBs77fKfKZruZIEA== Completed in 2ms
1140 timing metavuln:load:security-advisory:vercel:gpM081NLzGZHYqZwbbn0/m8dDRFfNN0UJRBw8xSys4NIoxOHmAswet/FKFFCxDGmyCDTQZVgunBpK7e8sPeU4A== Completed in 18ms
1141 timing metavuln:cache:get:security-advisory:@vercel/cervel:o2JhV4VQRQEQsCcektxoMXCJ5iMJU1AgfbwFo3ITBFu6pIXYGR1KDsTXarft+50tnQaQGWUBXnVZnThJ/46I5w== Completed in 21ms
1142 timing metavuln:load:security-advisory:@vercel/cervel:gpM081NLzGZHYqZwbbn0/m8dDRFfNN0UJRBw8xSys4NIoxOHmAswet/FKFFCxDGmyCDTQZVgunBpK7e8sPeU4A== Completed in 0ms
1143 timing metavuln:cache:put:security-advisory:vercel:KIfwu9O2ruI9LKNY074s1sYuCgnJudJX8vw4b5jXvk0x1UWQweQ1FREm0jM9HXotuaOitRLBs77fKfKZruZIEA== Completed in 4ms
1144 timing metavuln:calculate:security-advisory:vercel:gpM081NLzGZHYqZwbbn0/m8dDRFfNN0UJRBw8xSys4NIoxOHmAswet/FKFFCxDGmyCDTQZVgunBpK7e8sPeU4A== Completed in 24ms
1145 timing metavuln:cache:put:security-advisory:@vercel/cervel:o2JhV4VQRQEQsCcektxoMXCJ5iMJU1AgfbwFo3ITBFu6pIXYGR1KDsTXarft+50tnQaQGWUBXnVZnThJ/46I5w== Completed in 3ms
1146 timing metavuln:calculate:security-advisory:@vercel/cervel:gpM081NLzGZHYqZwbbn0/m8dDRFfNN0UJRBw8xSys4NIoxOHmAswet/FKFFCxDGmyCDTQZVgunBpK7e8sPeU4A== Completed in 24ms
1147 timing metavuln:cache:get:security-advisory:vercel:u4pBO16s258vA5Y76OUDoctOGEMvf1EYWCg9iaap9w95qwBX7oBh9p6nyXa7ctbBGWqyZzfI8kVPDfdDyqzgZQ== Completed in 2ms
1148 timing metavuln:load:security-advisory:vercel:rTHiyxR0u9LppqF4V8nd6B9mkwx4X9c5R/2yi6H5uHa//cfbNkjgHtVowUTI67wjGUMg166VVlfCeAv9N6TToQ== Completed in 28ms
1149 timing metavuln:cache:put:security-advisory:vercel:u4pBO16s258vA5Y76OUDoctOGEMvf1EYWCg9iaap9w95qwBX7oBh9p6nyXa7ctbBGWqyZzfI8kVPDfdDyqzgZQ== Completed in 3ms
1150 timing metavuln:calculate:security-advisory:vercel:rTHiyxR0u9LppqF4V8nd6B9mkwx4X9c5R/2yi6H5uHa//cfbNkjgHtVowUTI67wjGUMg166VVlfCeAv9N6TToQ== Completed in 33ms
1151 timing metavuln:packument:@vercel/static-build Completed in 0ms
1152 timing metavuln:cache:get:security-advisory:@vercel/hydrogen:PkX3ZdNoZRFJs05w1liZh6Wvol0vuX4dLempHzWqVmZmpillDzM7zut9zP7t5jJl0PfAVV2s32CGWf006L+O+Q== Completed in 5ms
1153 timing metavuln:cache:get:security-advisory:@vercel/express:sjbCsNFUJdbGEIaBK1XUDvljrgk2sYVxJX2P/ifj+a9ittE5z4usYQvc11erU8+d/4eTemrSVlQdny+d8uJg/Q== Completed in 4ms
1154 timing metavuln:load:security-advisory:@vercel/express:FU1I8isVvzzLJgJlp5he1b1HzWJ5Pvbu0cKX1659ZWw+AdbPJURn8zViKHEC8De+U1LUIrh4s4k1VxFlTWlVig== Completed in 1ms
1155 timing metavuln:cache:get:security-advisory:@vercel/redwood:nEANLkk+RzaGfwXSEaxD10AP38rhYr+w7K8LHCAEDptAKhD/I9WJldrhm+YkCOtxWFHn5vhmGFJpvBKH4jGyxA== Completed in 5ms
1156 timing metavuln:cache:get:security-advisory:@vercel/elysia:9rsmcIVn8COvwrdRD6ZD4kx0XIZh1y9s1BOj24YgYhaS73mA8DVSRrMvTp81hNoQQbGUYRLetVCiCFlEPEka+A== Completed in 5ms
1157 timing metavuln:load:security-advisory:@vercel/elysia:FU1I8isVvzzLJgJlp5he1b1HzWJ5Pvbu0cKX1659ZWw+AdbPJURn8zViKHEC8De+U1LUIrh4s4k1VxFlTWlVig== Completed in 0ms
1158 timing metavuln:cache:get:security-advisory:@vercel/h3:TceYLoHgSJPtD43kHBaaNvXKHH0muqt9qPUz5NcRwi4D2dtn0oWnfgZV8AXI0ph1cE2hmBqb8TYMynnU9LOBIA== Completed in 6ms
1159 timing metavuln:load:security-advisory:@vercel/h3:FU1I8isVvzzLJgJlp5he1b1HzWJ5Pvbu0cKX1659ZWw+AdbPJURn8zViKHEC8De+U1LUIrh4s4k1VxFlTWlVig== Completed in 1ms
1160 timing metavuln:cache:get:security-advisory:@vercel/koa:9JBLXtDppf55el+QsWl0JRHaCxKEKIcBXgFersj2AKj+NW2ICYzXSKdM/VREUq1z3zG6PnoD5ycmaiHlVQqotg== Completed in 7ms
1161 timing metavuln:load:security-advisory:@vercel/koa:FU1I8isVvzzLJgJlp5he1b1HzWJ5Pvbu0cKX1659ZWw+AdbPJURn8zViKHEC8De+U1LUIrh4s4k1VxFlTWlVig== Completed in 1ms
1162 timing metavuln:cache:get:security-advisory:@vercel/hono:4az/MM2ZUeSP3XDaxQKTW+rsenrpTCGi8n2Kj9ZyKS6UYEWgb/zFmj+dRrjTzkrB5lUdqmYnzEjP/+H86IDCpw== Completed in 8ms
1163 timing metavuln:load:security-advisory:@vercel/hono:FU1I8isVvzzLJgJlp5he1b1HzWJ5Pvbu0cKX1659ZWw+AdbPJURn8zViKHEC8De+U1LUIrh4s4k1VxFlTWlVig== Completed in 1ms
1164 timing metavuln:cache:get:security-advisory:@vercel/fastify:rzfPCr8BR7AEKW9FRF0Cv/UK+Qiy3QGfR3RmuG707EBR7iyQbB8v9aIGY1JV5ga7TvWdO++azUs7ktm075hqEg== Completed in 9ms
1165 timing metavuln:load:security-advisory:@vercel/fastify:FU1I8isVvzzLJgJlp5he1b1HzWJ5Pvbu0cKX1659ZWw+AdbPJURn8zViKHEC8De+U1LUIrh4s4k1VxFlTWlVig== Completed in 1ms
1166 timing metavuln:cache:get:security-advisory:@vercel/node:RqANYZ7FWRnzJS63OjN3GgO4FlIk5tsR29MOGWw74YJdY9hBhAGrjPANHuvQJGyoSFUA+E9s+4LoEMQdD7i/2g== Completed in 11ms
1167 timing metavuln:load:security-advisory:@vercel/node:FU1I8isVvzzLJgJlp5he1b1HzWJ5Pvbu0cKX1659ZWw+AdbPJURn8zViKHEC8De+U1LUIrh4s4k1VxFlTWlVig== Completed in 4ms
1168 timing metavuln:cache:get:security-advisory:@vercel/nestjs:CAEtrQlQ13MLKprx7Z8WWW6FRpAJA8Fx/6W4TDxm1vNF+0lpKtlzDIws+3kixYST9VBcEJHPF+Z9PYGg/Revbw== Completed in 16ms
1169 timing metavuln:load:security-advisory:@vercel/nestjs:FU1I8isVvzzLJgJlp5he1b1HzWJ5Pvbu0cKX1659ZWw+AdbPJURn8zViKHEC8De+U1LUIrh4s4k1VxFlTWlVig== Completed in 0ms
1170 timing metavuln:cache:get:security-advisory:@vercel/remix-builder:+qxPsBAOs+QSZZ3z9kKHQzi4eRV6kAWl4fnl+qJhNEzzqiozbcGkrZJxtUEkulHwld1fJE3FnOM0ahVwrPaL1g== Completed in 17ms
1171 timing metavuln:load:security-advisory:@vercel/remix-builder:FU1I8isVvzzLJgJlp5he1b1HzWJ5Pvbu0cKX1659ZWw+AdbPJURn8zViKHEC8De+U1LUIrh4s4k1VxFlTWlVig== Completed in 1ms
1172 timing metavuln:cache:get:security-advisory:@vercel/static-build:jOAXi62RvlbWHLlBM8z4e7HA8V3GU6zDjKpwwGP6H/QX07Ll7KyjuHad5uY7ETF4Erm/LMzINUi8Bn7eK81k4Q== Completed in 17ms
1173 timing metavuln:load:security-advisory:@vercel/static-build:FU1I8isVvzzLJgJlp5he1b1HzWJ5Pvbu0cKX1659ZWw+AdbPJURn8zViKHEC8De+U1LUIrh4s4k1VxFlTWlVig== Completed in 4ms
1174 timing metavuln:cache:put:security-advisory:@vercel/koa:9JBLXtDppf55el+QsWl0JRHaCxKEKIcBXgFersj2AKj+NW2ICYzXSKdM/VREUq1z3zG6PnoD5ycmaiHlVQqotg== Completed in 22ms
1175 timing metavuln:calculate:security-advisory:@vercel/koa:FU1I8isVvzzLJgJlp5he1b1HzWJ5Pvbu0cKX1659ZWw+AdbPJURn8zViKHEC8De+U1LUIrh4s4k1VxFlTWlVig== Completed in 30ms
1176 timing metavuln:cache:put:security-advisory:@vercel/hono:4az/MM2ZUeSP3XDaxQKTW+rsenrpTCGi8n2Kj9ZyKS6UYEWgb/zFmj+dRrjTzkrB5lUdqmYnzEjP/+H86IDCpw== Completed in 21ms
1177 timing metavuln:calculate:security-advisory:@vercel/hono:FU1I8isVvzzLJgJlp5he1b1HzWJ5Pvbu0cKX1659ZWw+AdbPJURn8zViKHEC8De+U1LUIrh4s4k1VxFlTWlVig== Completed in 30ms
1178 timing metavuln:cache:put:security-advisory:@vercel/elysia:9rsmcIVn8COvwrdRD6ZD4kx0XIZh1y9s1BOj24YgYhaS73mA8DVSRrMvTp81hNoQQbGUYRLetVCiCFlEPEka+A== Completed in 25ms
1179 timing metavuln:calculate:security-advisory:@vercel/elysia:FU1I8isVvzzLJgJlp5he1b1HzWJ5Pvbu0cKX1659ZWw+AdbPJURn8zViKHEC8De+U1LUIrh4s4k1VxFlTWlVig== Completed in 31ms
1180 timing metavuln:cache:put:security-advisory:@vercel/node:RqANYZ7FWRnzJS63OjN3GgO4FlIk5tsR29MOGWw74YJdY9hBhAGrjPANHuvQJGyoSFUA+E9s+4LoEMQdD7i/2g== Completed in 16ms
1181 timing metavuln:calculate:security-advisory:@vercel/node:FU1I8isVvzzLJgJlp5he1b1HzWJ5Pvbu0cKX1659ZWw+AdbPJURn8zViKHEC8De+U1LUIrh4s4k1VxFlTWlVig== Completed in 31ms
1182 timing metavuln:cache:put:security-advisory:@vercel/express:sjbCsNFUJdbGEIaBK1XUDvljrgk2sYVxJX2P/ifj+a9ittE5z4usYQvc11erU8+d/4eTemrSVlQdny+d8uJg/Q== Completed in 26ms
1183 timing metavuln:calculate:security-advisory:@vercel/express:FU1I8isVvzzLJgJlp5he1b1HzWJ5Pvbu0cKX1659ZWw+AdbPJURn8zViKHEC8De+U1LUIrh4s4k1VxFlTWlVig== Completed in 31ms
1184 timing metavuln:cache:put:security-advisory:@vercel/nestjs:CAEtrQlQ13MLKprx7Z8WWW6FRpAJA8Fx/6W4TDxm1vNF+0lpKtlzDIws+3kixYST9VBcEJHPF+Z9PYGg/Revbw== Completed in 15ms
1185 timing metavuln:calculate:security-advisory:@vercel/nestjs:FU1I8isVvzzLJgJlp5he1b1HzWJ5Pvbu0cKX1659ZWw+AdbPJURn8zViKHEC8De+U1LUIrh4s4k1VxFlTWlVig== Completed in 31ms
1186 timing metavuln:cache:put:security-advisory:@vercel/h3:TceYLoHgSJPtD43kHBaaNvXKHH0muqt9qPUz5NcRwi4D2dtn0oWnfgZV8AXI0ph1cE2hmBqb8TYMynnU9LOBIA== Completed in 24ms
1187 timing metavuln:calculate:security-advisory:@vercel/h3:FU1I8isVvzzLJgJlp5he1b1HzWJ5Pvbu0cKX1659ZWw+AdbPJURn8zViKHEC8De+U1LUIrh4s4k1VxFlTWlVig== Completed in 31ms
1188 timing metavuln:cache:put:security-advisory:@vercel/remix-builder:+qxPsBAOs+QSZZ3z9kKHQzi4eRV6kAWl4fnl+qJhNEzzqiozbcGkrZJxtUEkulHwld1fJE3FnOM0ahVwrPaL1g== Completed in 13ms
1189 timing metavuln:calculate:security-advisory:@vercel/remix-builder:FU1I8isVvzzLJgJlp5he1b1HzWJ5Pvbu0cKX1659ZWw+AdbPJURn8zViKHEC8De+U1LUIrh4s4k1VxFlTWlVig== Completed in 31ms
1190 timing metavuln:cache:put:security-advisory:@vercel/fastify:rzfPCr8BR7AEKW9FRF0Cv/UK+Qiy3QGfR3RmuG707EBR7iyQbB8v9aIGY1JV5ga7TvWdO++azUs7ktm075hqEg== Completed in 21ms
1191 timing metavuln:calculate:security-advisory:@vercel/fastify:FU1I8isVvzzLJgJlp5he1b1HzWJ5Pvbu0cKX1659ZWw+AdbPJURn8zViKHEC8De+U1LUIrh4s4k1VxFlTWlVig== Completed in 31ms
1192 timing metavuln:cache:put:security-advisory:@vercel/static-build:jOAXi62RvlbWHLlBM8z4e7HA8V3GU6zDjKpwwGP6H/QX07Ll7KyjuHad5uY7ETF4Erm/LMzINUi8Bn7eK81k4Q== Completed in 9ms
1193 timing metavuln:calculate:security-advisory:@vercel/static-build:FU1I8isVvzzLJgJlp5he1b1HzWJ5Pvbu0cKX1659ZWw+AdbPJURn8zViKHEC8De+U1LUIrh4s4k1VxFlTWlVig== Completed in 30ms
1194 http fetch GET 200 https://registry.npmjs.org/@vercel%2fhydrogen 72ms (cache updated)
1195 timing metavuln:packument:@vercel/hydrogen Completed in 74ms
1196 timing metavuln:load:security-advisory:@vercel/hydrogen:FU1I8isVvzzLJgJlp5he1b1HzWJ5Pvbu0cKX1659ZWw+AdbPJURn8zViKHEC8De+U1LUIrh4s4k1VxFlTWlVig== Completed in 0ms
1197 timing metavuln:calculate:security-advisory:@vercel/hydrogen:FU1I8isVvzzLJgJlp5he1b1HzWJ5Pvbu0cKX1659ZWw+AdbPJURn8zViKHEC8De+U1LUIrh4s4k1VxFlTWlVig== Completed in 74ms
1198 http fetch GET 200 https://registry.npmjs.org/@vercel%2fredwood 83ms (cache updated)
1199 timing metavuln:packument:@vercel/redwood Completed in 85ms
1200 timing metavuln:load:security-advisory:@vercel/redwood:FU1I8isVvzzLJgJlp5he1b1HzWJ5Pvbu0cKX1659ZWw+AdbPJURn8zViKHEC8De+U1LUIrh4s4k1VxFlTWlVig== Completed in 0ms
1201 timing metavuln:calculate:security-advisory:@vercel/redwood:FU1I8isVvzzLJgJlp5he1b1HzWJ5Pvbu0cKX1659ZWw+AdbPJURn8zViKHEC8De+U1LUIrh4s4k1VxFlTWlVig== Completed in 85ms
1202 timing metavuln:cache:get:security-advisory:vercel:9ygCL9oconq/wslNKhTciyEJh15DDVs9olLF0piWU/PLkNlYhsCQOLmh9IEwypuBWAnD4Tor+ANWFCicI8Yu7A== Completed in 2ms
1203 timing metavuln:load:security-advisory:vercel:ygoaZOO3YUuxTJBkNqDXxSAk9EFFspUgp5SJgrTyRtgbsuTEJpsvff6Je29HHRGw9rd0jmGfRgTQfR3ou1CwkA== Completed in 8ms
1204 timing metavuln:cache:put:security-advisory:vercel:9ygCL9oconq/wslNKhTciyEJh15DDVs9olLF0piWU/PLkNlYhsCQOLmh9IEwypuBWAnD4Tor+ANWFCicI8Yu7A== Completed in 6ms
1205 timing metavuln:calculate:security-advisory:vercel:ygoaZOO3YUuxTJBkNqDXxSAk9EFFspUgp5SJgrTyRtgbsuTEJpsvff6Je29HHRGw9rd0jmGfRgTQfR3ou1CwkA== Completed in 17ms
1206 timing metavuln:packument:@vercel/gatsby-plugin-vercel-builder Completed in 0ms
1207 timing metavuln:cache:get:security-advisory:vercel:nMx3vNW3spdACxGEzGSq/obPyis4lBlqmoVSQcGxwS6WSmpqkQnWx3OBpC83WLYRq8+7yxh60gfacqmEAtzBbA== Completed in 0ms
1208 timing metavuln:load:security-advisory:vercel:YuG5AfVPkHvdCU+fZCzJ8Ldj8TrayTVNX5BglEEdZFdmiIuIgjOnhV8WzUT4NXB3xgWnoh2Kq1eBHuuf+NxjCA== Completed in 195ms
1209 timing metavuln:cache:get:security-advisory:@vercel/backends:GhsLzd1GZE6+qLxox+ohzeVrxIe9E6VE+s4pvC32YJtJXuEVgfXsQZuD50rsxOThqd1Q2NsCs5Y8ceSWVsAjIA== Completed in 196ms
1210 timing metavuln:load:security-advisory:@vercel/backends:YuG5AfVPkHvdCU+fZCzJ8Ldj8TrayTVNX5BglEEdZFdmiIuIgjOnhV8WzUT4NXB3xgWnoh2Kq1eBHuuf+NxjCA== Completed in 1ms
1211 timing metavuln:cache:get:security-advisory:@vercel/node:uQ0t4TRLXNq5VYH+ogtYR8jfgVSc6fJZEIBzdwZn3wcXibEYtH/RO75tNbwdv71AZB/TDlHprK056ons03UHMg== Completed in 197ms
1212 timing metavuln:load:security-advisory:@vercel/node:YuG5AfVPkHvdCU+fZCzJ8Ldj8TrayTVNX5BglEEdZFdmiIuIgjOnhV8WzUT4NXB3xgWnoh2Kq1eBHuuf+NxjCA== Completed in 5ms
1213 timing metavuln:cache:get:security-advisory:@vercel/gatsby-plugin-vercel-builder:GnHRGWI4HSHfGseFzcWFTpHV76h4pVqSsGNBPkIq6ljvSdPxpsAz9ihpbXrtStaZCuZ8qmX+njfzEoUF81XRyw== Completed in 202ms
1214 timing metavuln:load:security-advisory:@vercel/gatsby-plugin-vercel-builder:YuG5AfVPkHvdCU+fZCzJ8Ldj8TrayTVNX5BglEEdZFdmiIuIgjOnhV8WzUT4NXB3xgWnoh2Kq1eBHuuf+NxjCA== Completed in 2ms
1215 timing metavuln:cache:put:security-advisory:vercel:nMx3vNW3spdACxGEzGSq/obPyis4lBlqmoVSQcGxwS6WSmpqkQnWx3OBpC83WLYRq8+7yxh60gfacqmEAtzBbA== Completed in 11ms
1216 timing metavuln:calculate:security-advisory:vercel:YuG5AfVPkHvdCU+fZCzJ8Ldj8TrayTVNX5BglEEdZFdmiIuIgjOnhV8WzUT4NXB3xgWnoh2Kq1eBHuuf+NxjCA== Completed in 206ms
1217 timing metavuln:cache:put:security-advisory:@vercel/gatsby-plugin-vercel-builder:GnHRGWI4HSHfGseFzcWFTpHV76h4pVqSsGNBPkIq6ljvSdPxpsAz9ihpbXrtStaZCuZ8qmX+njfzEoUF81XRyw== Completed in 2ms
1218 timing metavuln:calculate:security-advisory:@vercel/gatsby-plugin-vercel-builder:YuG5AfVPkHvdCU+fZCzJ8Ldj8TrayTVNX5BglEEdZFdmiIuIgjOnhV8WzUT4NXB3xgWnoh2Kq1eBHuuf+NxjCA== Completed in 206ms
1219 timing metavuln:cache:put:security-advisory:@vercel/node:uQ0t4TRLXNq5VYH+ogtYR8jfgVSc6fJZEIBzdwZn3wcXibEYtH/RO75tNbwdv71AZB/TDlHprK056ons03UHMg== Completed in 4ms
1220 timing metavuln:calculate:security-advisory:@vercel/node:YuG5AfVPkHvdCU+fZCzJ8Ldj8TrayTVNX5BglEEdZFdmiIuIgjOnhV8WzUT4NXB3xgWnoh2Kq1eBHuuf+NxjCA== Completed in 206ms
1221 timing metavuln:cache:put:security-advisory:@vercel/backends:GhsLzd1GZE6+qLxox+ohzeVrxIe9E6VE+s4pvC32YJtJXuEVgfXsQZuD50rsxOThqd1Q2NsCs5Y8ceSWVsAjIA== Completed in 9ms
1222 timing metavuln:calculate:security-advisory:@vercel/backends:YuG5AfVPkHvdCU+fZCzJ8Ldj8TrayTVNX5BglEEdZFdmiIuIgjOnhV8WzUT4NXB3xgWnoh2Kq1eBHuuf+NxjCA== Completed in 206ms
1223 timing metavuln:cache:get:security-advisory:vercel:6MVbC+iwvY9c8A7dubHXU4DcBcGuzBHkC4I8wk9AqIDRPgKbRrHY6jkOd1z83JnnfvPh+VPHq5c0+R21EhbfBw== Completed in 0ms
1224 timing metavuln:load:security-advisory:vercel:DLYwNLhOiZ5Qyv86bcr10zLKJZPiifqL0Gh80w+7QJUDhdgkcfdGq4yA7QEU9ViSYEDmbKH9rfRpf6zTZyA0bQ== Completed in 73ms
1225 timing metavuln:cache:put:security-advisory:vercel:6MVbC+iwvY9c8A7dubHXU4DcBcGuzBHkC4I8wk9AqIDRPgKbRrHY6jkOd1z83JnnfvPh+VPHq5c0+R21EhbfBw== Completed in 3ms
1226 timing metavuln:calculate:security-advisory:vercel:DLYwNLhOiZ5Qyv86bcr10zLKJZPiifqL0Gh80w+7QJUDhdgkcfdGq4yA7QEU9ViSYEDmbKH9rfRpf6zTZyA0bQ== Completed in 76ms
1227 timing metavuln:cache:get:security-advisory:vercel:j1cSdYNFpaWEuiVE4m4tYcHcSs1KdJhL1umi4twXdlncUa9BhoiGEve8en35DBZ2m59ePpc2dUBQ1z0/C3x2XA== Completed in 1ms
1228 timing metavuln:load:security-advisory:vercel:CQ5Btm+pmQhjRezzO8EVIA+BdhqTDZLFCEiMj9qTJfzWAM+wlv4glEpCqjnE9cSlnebOdfeFIFE2O9wotkNoqw== Completed in 21ms
1229 timing metavuln:cache:put:security-advisory:vercel:j1cSdYNFpaWEuiVE4m4tYcHcSs1KdJhL1umi4twXdlncUa9BhoiGEve8en35DBZ2m59ePpc2dUBQ1z0/C3x2XA== Completed in 2ms
1230 timing metavuln:calculate:security-advisory:vercel:CQ5Btm+pmQhjRezzO8EVIA+BdhqTDZLFCEiMj9qTJfzWAM+wlv4glEpCqjnE9cSlnebOdfeFIFE2O9wotkNoqw== Completed in 24ms
1231 timing metavuln:cache:get:security-advisory:vercel:Q6TH3eTJv9fAtsfDBRtebmqKZSX2eNGcN0ekoNzW8014RucfTCciAvzzdSMpIR6qCy7O6t+4bfxSwVaAqA7ZdA== Completed in 1ms
1232 timing metavuln:load:security-advisory:vercel:OBy/NW798wUAOfdrvzdx/ktO1PxPCrKRx+Mf8OkpZx2+C+JCYEC+0GjYXJ2GGUess2DIZbrnRnXMtiWdEPl1qQ== Completed in 22ms
1233 timing metavuln:cache:put:security-advisory:vercel:Q6TH3eTJv9fAtsfDBRtebmqKZSX2eNGcN0ekoNzW8014RucfTCciAvzzdSMpIR6qCy7O6t+4bfxSwVaAqA7ZdA== Completed in 2ms
1234 timing metavuln:calculate:security-advisory:vercel:OBy/NW798wUAOfdrvzdx/ktO1PxPCrKRx+Mf8OkpZx2+C+JCYEC+0GjYXJ2GGUess2DIZbrnRnXMtiWdEPl1qQ== Completed in 25ms
1235 timing metavuln:cache:get:security-advisory:vercel:J/7HGBUrTAmGL7yBXDOceuVP4BiUIRG4uY/1C8qGVsRqdqkwSSIdcq4/RLCBXVC1m4oxh936F4+Uhx2Of6ND6A== Completed in 2ms
1236 timing metavuln:load:security-advisory:vercel:NIHDVJ4dvxII3C7QMDmNN+Y7nzK7WenXsae4j46gbKExDYXPsdLcQF/b/cEkiLI4AdRSpbyuNjo9z1qYDQ4IdQ== Completed in 15ms
1237 timing metavuln:cache:put:security-advisory:vercel:J/7HGBUrTAmGL7yBXDOceuVP4BiUIRG4uY/1C8qGVsRqdqkwSSIdcq4/RLCBXVC1m4oxh936F4+Uhx2Of6ND6A== Completed in 3ms
1238 timing metavuln:calculate:security-advisory:vercel:NIHDVJ4dvxII3C7QMDmNN+Y7nzK7WenXsae4j46gbKExDYXPsdLcQF/b/cEkiLI4AdRSpbyuNjo9z1qYDQ4IdQ== Completed in 20ms
1239 timing metavuln:cache:get:security-advisory:vercel:laT7q/pik3gwmw8STBfORGEo3cFXxhjSq6rTn+H4C3dptYi1eIKwNYVmx+wjzWcIpJnhxB+1ZSOE0ODu4l7jCQ== Completed in 1ms
1240 timing metavuln:load:security-advisory:vercel:sAK5ipNffQc0xqQz7e/iD0zgBOJPYaX/VcQlFsNudEDNWg3nH8+51ax9BbgaJ1E91Kms8WZl2kkLs3DFwF3MmQ== Completed in 25ms
1241 timing metavuln:cache:put:security-advisory:vercel:laT7q/pik3gwmw8STBfORGEo3cFXxhjSq6rTn+H4C3dptYi1eIKwNYVmx+wjzWcIpJnhxB+1ZSOE0ODu4l7jCQ== Completed in 1ms
1242 timing metavuln:calculate:security-advisory:vercel:sAK5ipNffQc0xqQz7e/iD0zgBOJPYaX/VcQlFsNudEDNWg3nH8+51ax9BbgaJ1E91Kms8WZl2kkLs3DFwF3MmQ== Completed in 28ms
1243 timing metavuln:cache:get:security-advisory:vercel:eWI5+Ol/v24PupxuZO7AyVhmH+pF/1hkUa1ScmbX/RLaeN+gg4QMjXRypB8iL+E0ezqrZ6w6URGGujgYKB1gBA== Completed in 1ms
1244 timing metavuln:load:security-advisory:vercel:tJR8L/A4XChgLvha3rjeOaSsuD3U+ERzv4NCtJoDfn4uL+W+4ibz/BrR3HoGqi4JK7R+lJwcWqQ1XOGp33U5rQ== Completed in 18ms
1245 timing metavuln:cache:put:security-advisory:vercel:eWI5+Ol/v24PupxuZO7AyVhmH+pF/1hkUa1ScmbX/RLaeN+gg4QMjXRypB8iL+E0ezqrZ6w6URGGujgYKB1gBA== Completed in 2ms
1246 timing metavuln:calculate:security-advisory:vercel:tJR8L/A4XChgLvha3rjeOaSsuD3U+ERzv4NCtJoDfn4uL+W+4ibz/BrR3HoGqi4JK7R+lJwcWqQ1XOGp33U5rQ== Completed in 21ms
1247 timing metavuln:cache:get:security-advisory:@vercel/express:vL6CCoczdOn8oSxnWF5cr1XWcsd/4Nbk2Fe0IcDdMgie+Sm33wYU3AExSMd8hxssd3rc5b4DBsw0usddQgOUxw== Completed in 1ms
1248 timing metavuln:load:security-advisory:@vercel/express:o2JhV4VQRQEQsCcektxoMXCJ5iMJU1AgfbwFo3ITBFu6pIXYGR1KDsTXarft+50tnQaQGWUBXnVZnThJ/46I5w== Completed in 2ms
1249 timing metavuln:cache:put:security-advisory:@vercel/express:vL6CCoczdOn8oSxnWF5cr1XWcsd/4Nbk2Fe0IcDdMgie+Sm33wYU3AExSMd8hxssd3rc5b4DBsw0usddQgOUxw== Completed in 1ms
1250 timing metavuln:calculate:security-advisory:@vercel/express:o2JhV4VQRQEQsCcektxoMXCJ5iMJU1AgfbwFo3ITBFu6pIXYGR1KDsTXarft+50tnQaQGWUBXnVZnThJ/46I5w== Completed in 4ms
1251 timing metavuln:cache:get:security-advisory:vercel:p9Om3FW4Sk/FRXZyM8UloXoymuyHnAJ1GZ+4IeqdbTUbh2OHmR+67LrBv+tCX6H9XH4D26u1NQqLcDkh/4CQxw== Completed in 1ms
1252 timing metavuln:load:security-advisory:vercel:jOAXi62RvlbWHLlBM8z4e7HA8V3GU6zDjKpwwGP6H/QX07Ll7KyjuHad5uY7ETF4Erm/LMzINUi8Bn7eK81k4Q== Completed in 130ms
1253 timing metavuln:cache:put:security-advisory:vercel:p9Om3FW4Sk/FRXZyM8UloXoymuyHnAJ1GZ+4IeqdbTUbh2OHmR+67LrBv+tCX6H9XH4D26u1NQqLcDkh/4CQxw== Completed in 2ms
1254 timing metavuln:calculate:security-advisory:vercel:jOAXi62RvlbWHLlBM8z4e7HA8V3GU6zDjKpwwGP6H/QX07Ll7KyjuHad5uY7ETF4Erm/LMzINUi8Bn7eK81k4Q== Completed in 134ms
1255 timing metavuln:cache:get:security-advisory:vercel:hKjGCVwMHJ+7rcb8W4mQ1q1OzXluQUln96Wb2dmbXmYayRbjeHrVZIisGwOwqjml9TSos3QXfTR4FvQOCtRMVw== Completed in 1ms
1256 timing metavuln:load:security-advisory:vercel:PkX3ZdNoZRFJs05w1liZh6Wvol0vuX4dLempHzWqVmZmpillDzM7zut9zP7t5jJl0PfAVV2s32CGWf006L+O+Q== Completed in 10ms
1257 timing metavuln:cache:put:security-advisory:vercel:hKjGCVwMHJ+7rcb8W4mQ1q1OzXluQUln96Wb2dmbXmYayRbjeHrVZIisGwOwqjml9TSos3QXfTR4FvQOCtRMVw== Completed in 2ms
1258 timing metavuln:calculate:security-advisory:vercel:PkX3ZdNoZRFJs05w1liZh6Wvol0vuX4dLempHzWqVmZmpillDzM7zut9zP7t5jJl0PfAVV2s32CGWf006L+O+Q== Completed in 13ms
1259 timing metavuln:cache:get:security-advisory:vercel:REwi99OKJG/mCIIN4mwqeec/ZBlg5bUsUBpJXf0QX60HdIOeOiqFAV2DnkzMofNbnt8pvgM6P6sI2LcJkNuXCw== Completed in 1ms
1260 timing metavuln:load:security-advisory:vercel:nEANLkk+RzaGfwXSEaxD10AP38rhYr+w7K8LHCAEDptAKhD/I9WJldrhm+YkCOtxWFHn5vhmGFJpvBKH4jGyxA== Completed in 9ms
1261 timing metavuln:cache:put:security-advisory:vercel:REwi99OKJG/mCIIN4mwqeec/ZBlg5bUsUBpJXf0QX60HdIOeOiqFAV2DnkzMofNbnt8pvgM6P6sI2LcJkNuXCw== Completed in 2ms
1262 timing metavuln:calculate:security-advisory:vercel:nEANLkk+RzaGfwXSEaxD10AP38rhYr+w7K8LHCAEDptAKhD/I9WJldrhm+YkCOtxWFHn5vhmGFJpvBKH4jGyxA== Completed in 13ms
1263 timing metavuln:cache:get:security-advisory:@vercel/static-build:WMIAZewekKFlNsbeVl2yILk/swDYW81F/UubUelgFCMamoUj3apcDiQhex+SRl4lXCYfLOrr1lO9wnXwUh+hHw== Completed in 0ms
1264 timing metavuln:load:security-advisory:@vercel/static-build:GnHRGWI4HSHfGseFzcWFTpHV76h4pVqSsGNBPkIq6ljvSdPxpsAz9ihpbXrtStaZCuZ8qmX+njfzEoUF81XRyw== Completed in 32ms
1265 timing metavuln:cache:put:security-advisory:@vercel/static-build:WMIAZewekKFlNsbeVl2yILk/swDYW81F/UubUelgFCMamoUj3apcDiQhex+SRl4lXCYfLOrr1lO9wnXwUh+hHw== Completed in 2ms
1266 timing metavuln:calculate:security-advisory:@vercel/static-build:GnHRGWI4HSHfGseFzcWFTpHV76h4pVqSsGNBPkIq6ljvSdPxpsAz9ihpbXrtStaZCuZ8qmX+njfzEoUF81XRyw== Completed in 34ms
1267 timing auditReport:init Completed in 1697ms
1268 timing reify:audit Completed in 1822ms
1269 timing reify Completed in 3957ms
1270 timing command:exec Completed in 5285ms
1271 verbose exit 1
1272 timing npm Completed in 5321ms
1273 verbose code 1
